-- phpMyAdmin SQL Dump
-- version 5.2.1
-- https://www.phpmyadmin.net/
--
-- Host: 127.0.0.1
-- Generation Time: Jun 30, 2025 at 07:59 PM
-- Server version: 10.4.32-MariaDB
-- PHP Version: 8.0.30

SET SQL_MODE = "NO_AUTO_VALUE_ON_ZERO";
START TRANSACTION;
SET time_zone = "+00:00";


/*!40101 SET @OLD_CHARACTER_SET_CLIENT=@@CHARACTER_SET_CLIENT */;
/*!40101 SET @OLD_CHARACTER_SET_RESULTS=@@CHARACTER_SET_RESULTS */;
/*!40101 SET @OLD_COLLATION_CONNECTION=@@COLLATION_CONNECTION */;
/*!40101 SET NAMES utf8mb4 */;

--
-- Database: `multicom`
--

-- --------------------------------------------------------

--
-- Table structure for table `branches`
--

CREATE TABLE `branches` (
  `id` bigint(20) UNSIGNED NOT NULL,
  `name` varchar(255) NOT NULL,
  `code` varchar(255) NOT NULL,
  `address` text DEFAULT NULL,
  `created_at` timestamp NULL DEFAULT NULL,
  `updated_at` timestamp NULL DEFAULT NULL
) ENGINE=InnoDB DEFAULT CHARSET=utf8mb4 COLLATE=utf8mb4_unicode_ci;

--
-- Dumping data for table `branches`
--

INSERT INTO `branches` (`id`, `name`, `code`, `address`, `created_at`, `updated_at`) VALUES
(1, 'Multicom Store', 'BR001', 'Sekip', '2025-06-14 21:29:29', '2025-06-14 21:29:29'),
(2, 'Multicom 2', 'BR002', 'Ip', '2025-06-14 21:29:37', '2025-06-28 22:45:01'),
(3, 'Sinar Multicom Jaya 2', 'BR003', 'IP', '2025-06-16 00:58:05', '2025-06-28 10:17:02'),
(12, 'Multi Maju Jaya', 'BR004', 'Ip', '2025-06-24 01:20:39', '2025-06-28 10:17:22'),
(13, 'Multicom Makmur Jaya', 'BR013', 'Ip', '2025-06-28 09:31:47', '2025-06-28 09:31:47'),
(14, 'Multi Makmur Jaya', 'BR014', 'Ip', '2025-06-28 09:37:00', '2025-06-28 09:37:00'),
(15, 'Multicom Ps', 'BR015', 'Ps', '2025-06-28 09:42:00', '2025-06-28 09:42:00'),
(16, 'Multi Maju Jaya Ps', 'BR016', 'Ps', '2025-06-28 09:43:04', '2025-06-28 09:43:04'),
(19, 'Multicom Makmur Jaya 3', 'BR019', 'Ps', '2025-06-28 10:04:17', '2025-06-28 10:04:17'),
(20, 'Multicom Makmur Jaya 5', 'BR020', 'Ps', '2025-06-28 10:07:00', '2025-06-28 10:07:00'),
(21, 'Multicom 3', 'BR021', 'SS', '2025-06-28 22:41:35', '2025-06-28 22:51:44');

-- --------------------------------------------------------

--
-- Table structure for table `brands`
--

CREATE TABLE `brands` (
  `id` bigint(20) UNSIGNED NOT NULL,
  `name` varchar(255) NOT NULL,
  `created_at` timestamp NULL DEFAULT NULL,
  `updated_at` timestamp NULL DEFAULT NULL
) ENGINE=InnoDB DEFAULT CHARSET=utf8mb4 COLLATE=utf8mb4_unicode_ci;

--
-- Dumping data for table `brands`
--

INSERT INTO `brands` (`id`, `name`, `created_at`, `updated_at`) VALUES
(1, 'OPPO', '2025-06-14 21:30:46', '2025-06-28 23:27:04'),
(2, 'VIVO', '2025-06-14 21:30:52', '2025-06-14 21:30:52'),
(3, 'XIAOMI', '2025-06-18 03:43:30', '2025-06-18 03:43:30'),
(4, 'INFINIX', '2025-06-21 00:10:21', '2025-06-21 00:10:21'),
(5, 'ITEL', '2025-06-21 00:10:47', '2025-06-21 00:10:47'),
(6, 'MOTOROLA', '2025-06-21 00:11:05', '2025-06-21 00:11:05'),
(7, 'NUBIA', '2025-06-21 00:11:14', '2025-06-21 00:11:14'),
(8, 'REALME', '2025-06-21 00:11:19', '2025-06-21 00:11:19'),
(9, 'SAMSUNG', '2025-06-21 00:11:28', '2025-06-21 00:11:28'),
(10, 'TECNO', '2025-06-21 00:11:34', '2025-06-21 00:11:34'),
(11, 'ZTE', '2025-06-21 00:11:46', '2025-06-21 00:11:46'),
(12, 'IPHONE', '2025-06-21 00:18:26', '2025-06-21 00:18:26'),
(13, 'ADVAN', '2025-06-23 23:13:27', '2025-06-23 23:13:27'),
(14, 'MITO', '2025-06-28 02:48:55', '2025-06-28 02:48:55');

-- --------------------------------------------------------

--
-- Table structure for table `inventories`
--

CREATE TABLE `inventories` (
  `id` bigint(20) UNSIGNED NOT NULL,
  `branch_id` bigint(20) UNSIGNED NOT NULL,
  `product_id` bigint(20) UNSIGNED NOT NULL,
  `qty` int(11) NOT NULL DEFAULT 0,
  `created_at` timestamp NULL DEFAULT NULL,
  `updated_at` timestamp NULL DEFAULT NULL
) ENGINE=InnoDB DEFAULT CHARSET=utf8mb4 COLLATE=utf8mb4_unicode_ci;

--
-- Dumping data for table `inventories`
--

INSERT INTO `inventories` (`id`, `branch_id`, `product_id`, `qty`, `created_at`, `updated_at`) VALUES
(10, 1, 5, 0, '2025-06-24 00:56:05', '2025-06-25 02:28:09'),
(12, 1, 4, 1, '2025-06-25 02:21:47', '2025-06-29 00:58:32'),
(13, 2, 4, 1, '2025-06-25 02:22:40', '2025-06-29 01:02:16'),
(14, 2, 5, 2, '2025-06-25 02:23:42', '2025-06-26 01:00:58'),
(15, 3, 5, 1, '2025-06-25 02:28:09', '2025-06-25 02:28:09'),
(16, 2, 7, 3, '2025-06-26 01:00:58', '2025-06-26 01:00:58'),
(17, 2, 8, 5, '2025-06-26 01:00:58', '2025-06-26 01:00:58'),
(18, 2, 9, 2, '2025-06-26 01:00:58', '2025-06-26 01:00:58'),
(19, 2, 74, 1, '2025-06-26 01:07:52', '2025-06-26 01:07:52'),
(20, 2, 10, 1, '2025-06-26 01:09:22', '2025-06-26 01:09:22'),
(21, 2, 11, 1, '2025-06-26 01:09:22', '2025-06-26 01:09:22'),
(22, 2, 12, 1, '2025-06-26 01:09:22', '2025-06-26 01:09:22'),
(23, 2, 13, 1, '2025-06-26 01:09:22', '2025-06-26 01:09:22'),
(24, 2, 14, 2, '2025-06-26 01:09:22', '2025-06-26 01:09:22'),
(25, 2, 15, 1, '2025-06-26 01:29:57', '2025-06-26 01:29:57'),
(26, 2, 16, 3, '2025-06-26 01:29:57', '2025-06-26 01:29:57'),
(27, 2, 17, 1, '2025-06-26 01:29:57', '2025-06-26 01:29:57'),
(28, 2, 18, 2, '2025-06-26 01:29:57', '2025-06-26 01:29:57'),
(29, 2, 19, 1, '2025-06-26 01:29:57', '2025-06-26 01:29:57'),
(30, 2, 20, 1, '2025-06-26 01:29:57', '2025-06-26 01:29:57'),
(31, 2, 21, 1, '2025-06-26 01:29:57', '2025-06-26 01:29:57'),
(32, 2, 22, 2, '2025-06-26 01:29:57', '2025-06-26 01:29:57'),
(33, 2, 23, 3, '2025-06-26 01:29:57', '2025-06-29 00:42:41'),
(34, 2, 24, 1, '2025-06-26 01:29:57', '2025-06-26 01:29:57'),
(35, 2, 25, 6, '2025-06-26 01:29:57', '2025-06-26 01:29:57'),
(36, 2, 26, 1, '2025-06-26 01:29:57', '2025-06-26 01:29:57'),
(37, 2, 27, 1, '2025-06-26 01:29:57', '2025-06-26 01:29:57'),
(38, 2, 28, 1, '2025-06-26 01:29:57', '2025-06-26 01:29:57'),
(39, 2, 29, 2, '2025-06-26 01:29:57', '2025-06-26 01:29:57'),
(40, 2, 30, 1, '2025-06-26 01:29:57', '2025-06-26 01:29:57'),
(41, 2, 31, 2, '2025-06-26 01:29:57', '2025-06-26 01:29:57'),
(42, 2, 32, 1, '2025-06-26 01:29:57', '2025-06-26 01:29:57'),
(43, 2, 33, 1, '2025-06-26 01:29:57', '2025-06-26 01:29:57'),
(44, 2, 34, 1, '2025-06-26 01:29:57', '2025-06-26 01:29:57'),
(45, 2, 35, 1, '2025-06-26 01:29:57', '2025-06-26 01:29:57'),
(46, 2, 36, 2, '2025-06-26 01:29:57', '2025-06-26 01:29:57'),
(47, 2, 37, 1, '2025-06-26 01:29:57', '2025-06-26 01:29:57'),
(48, 2, 38, 2, '2025-06-26 01:29:57', '2025-06-26 01:29:57'),
(49, 2, 39, 1, '2025-06-26 01:29:57', '2025-06-26 01:29:57'),
(50, 2, 40, 1, '2025-06-26 01:29:57', '2025-06-26 01:29:57'),
(51, 2, 41, 1, '2025-06-26 01:29:57', '2025-06-26 01:29:57'),
(52, 2, 42, 1, '2025-06-26 01:29:57', '2025-06-26 01:29:57'),
(53, 2, 43, 5, '2025-06-26 01:29:57', '2025-06-26 01:29:57'),
(54, 2, 44, 2, '2025-06-26 01:57:58', '2025-06-26 01:57:58'),
(55, 2, 45, 1, '2025-06-26 01:57:58', '2025-06-26 01:57:58'),
(56, 2, 46, 1, '2025-06-26 01:57:58', '2025-06-26 01:57:58'),
(57, 2, 48, 5, '2025-06-26 01:57:58', '2025-06-26 01:57:58'),
(58, 2, 47, 4, '2025-06-26 01:57:58', '2025-06-26 01:57:58'),
(59, 2, 49, 5, '2025-06-26 01:57:58', '2025-06-26 01:57:58'),
(60, 2, 50, 5, '2025-06-26 01:57:59', '2025-06-26 02:06:12'),
(61, 2, 52, 1, '2025-06-26 01:57:59', '2025-06-26 01:57:59'),
(62, 2, 53, 1, '2025-06-26 01:57:59', '2025-06-26 01:57:59'),
(63, 2, 54, 1, '2025-06-26 01:57:59', '2025-06-26 01:57:59'),
(64, 2, 55, 1, '2025-06-26 01:57:59', '2025-06-26 01:57:59'),
(65, 2, 56, 1, '2025-06-26 01:57:59', '2025-06-26 01:57:59'),
(66, 2, 57, 1, '2025-06-26 01:57:59', '2025-06-26 01:57:59'),
(67, 2, 58, 1, '2025-06-26 01:57:59', '2025-06-26 01:57:59'),
(68, 2, 59, 2, '2025-06-26 01:57:59', '2025-06-26 01:57:59'),
(69, 2, 60, 1, '2025-06-26 01:57:59', '2025-06-26 01:57:59'),
(70, 2, 61, 1, '2025-06-26 01:57:59', '2025-06-26 01:57:59'),
(71, 2, 62, 1, '2025-06-26 01:57:59', '2025-06-26 01:57:59'),
(72, 2, 63, 2, '2025-06-26 01:57:59', '2025-06-26 01:57:59'),
(73, 2, 64, 1, '2025-06-26 01:57:59', '2025-06-26 01:57:59'),
(74, 2, 65, 1, '2025-06-26 01:57:59', '2025-06-26 01:57:59'),
(75, 2, 66, 1, '2025-06-26 01:57:59', '2025-06-26 01:57:59'),
(76, 2, 67, 1, '2025-06-26 01:57:59', '2025-06-26 01:57:59'),
(77, 2, 68, 1, '2025-06-26 01:57:59', '2025-06-26 01:57:59'),
(78, 2, 69, 1, '2025-06-26 01:57:59', '2025-06-26 01:57:59'),
(79, 2, 70, 1, '2025-06-26 01:57:59', '2025-06-26 01:57:59'),
(80, 2, 71, 1, '2025-06-26 01:57:59', '2025-06-26 01:57:59'),
(81, 2, 72, 3, '2025-06-26 01:57:59', '2025-06-26 01:57:59'),
(82, 2, 73, 5, '2025-06-26 01:57:59', '2025-06-26 01:57:59'),
(83, 2, 51, 2, '2025-06-26 02:06:12', '2025-06-26 02:06:12'),
(84, 3, 15, 1, '2025-06-28 10:35:40', '2025-06-28 10:35:40'),
(85, 1, 23, 0, '2025-06-29 00:16:32', '2025-06-29 00:42:41'),
(86, 1, 17, 1, '2025-06-29 00:27:57', '2025-06-29 00:27:57'),
(87, 1, 15, 1, '2025-06-30 10:51:41', '2025-06-30 10:51:41');

-- --------------------------------------------------------

--
-- Table structure for table `inventory_items`
--

CREATE TABLE `inventory_items` (
  `id` bigint(20) UNSIGNED NOT NULL,
  `branch_id` bigint(20) UNSIGNED NOT NULL,
  `product_id` bigint(20) UNSIGNED NOT NULL,
  `purchase_item_id` bigint(20) UNSIGNED DEFAULT NULL,
  `imei` varchar(255) DEFAULT NULL,
  `status` enum('in_stock','sold','transferred') NOT NULL DEFAULT 'in_stock',
  `created_at` timestamp NULL DEFAULT NULL,
  `updated_at` timestamp NULL DEFAULT NULL,
  `inventory_id` bigint(20) UNSIGNED DEFAULT NULL
) ENGINE=InnoDB DEFAULT CHARSET=utf8mb4 COLLATE=utf8mb4_unicode_ci;

--
-- Dumping data for table `inventory_items`
--

INSERT INTO `inventory_items` (`id`, `branch_id`, `product_id`, `purchase_item_id`, `imei`, `status`, `created_at`, `updated_at`, `inventory_id`) VALUES
(14, 3, 5, 10, '1111111111', 'in_stock', '2025-06-24 00:56:05', '2025-06-25 02:28:09', 10),
(16, 2, 4, 12, '000', 'in_stock', '2025-06-25 02:21:47', '2025-06-25 02:22:40', 12),
(17, 2, 5, 13, '001', 'in_stock', '2025-06-25 02:21:47', '2025-06-25 02:23:42', 10),
(18, 1, 4, 14, '352671440132373', 'in_stock', '2025-06-26 01:00:58', '2025-06-29 00:58:32', 13),
(19, 2, 4, 14, '352671441070101', 'sold', '2025-06-26 01:00:58', '2025-06-29 01:02:16', 13),
(20, 2, 5, 15, '352671441017169', 'in_stock', '2025-06-26 01:00:58', '2025-06-26 01:03:08', 14),
(21, 2, 7, 16, '358584690075362', 'in_stock', '2025-06-26 01:00:58', '2025-06-26 01:03:08', 16),
(22, 2, 7, 16, '358584690077038', 'in_stock', '2025-06-26 01:00:58', '2025-06-26 01:03:08', 16),
(23, 2, 7, 16, '358584690079679', 'in_stock', '2025-06-26 01:00:58', '2025-06-26 01:03:08', 16),
(24, 2, 8, 17, '358584690117198', 'in_stock', '2025-06-26 01:00:58', '2025-06-26 01:03:08', 17),
(25, 2, 8, 17, '358584690118055', 'in_stock', '2025-06-26 01:00:58', '2025-06-26 01:03:08', 17),
(26, 2, 8, 17, '358584690231445', 'in_stock', '2025-06-26 01:00:58', '2025-06-26 01:03:08', 17),
(27, 2, 8, 17, '358584690232781', 'in_stock', '2025-06-26 01:00:58', '2025-06-26 01:03:09', 17),
(28, 2, 8, 17, '358584690235487', 'in_stock', '2025-06-26 01:00:58', '2025-06-26 01:03:09', 17),
(29, 2, 9, 18, '358584690484101', 'in_stock', '2025-06-26 01:00:58', '2025-06-26 01:03:09', 18),
(30, 2, 9, 18, '358584690484903', 'in_stock', '2025-06-26 01:00:58', '2025-06-26 01:03:09', 18),
(31, 2, 74, 19, '350616580202249', 'in_stock', '2025-06-26 01:07:52', '2025-06-26 01:07:58', 19),
(32, 2, 10, 20, '358584690348017', 'in_stock', '2025-06-26 01:09:22', '2025-06-26 01:09:54', 20),
(33, 2, 11, 21, '358584690356705', 'in_stock', '2025-06-26 01:09:22', '2025-06-26 01:09:54', 21),
(34, 2, 12, 22, '358584690368247', 'in_stock', '2025-06-26 01:09:22', '2025-06-26 01:09:54', 22),
(35, 2, 13, 23, '351660783159060', 'in_stock', '2025-06-26 01:09:22', '2025-06-26 01:09:55', 23),
(36, 2, 14, 24, '359222211708067', 'in_stock', '2025-06-26 01:09:22', '2025-06-26 01:09:55', 24),
(37, 2, 14, 24, '359433188986855', 'in_stock', '2025-06-26 01:09:22', '2025-06-26 01:09:55', 24),
(38, 2, 15, 25, '351102840048598', 'in_stock', '2025-06-26 01:29:57', '2025-06-26 01:39:48', 25),
(39, 2, 16, 26, '355472870676766', 'in_stock', '2025-06-26 01:29:57', '2025-06-26 01:39:48', 26),
(40, 2, 16, 26, '355472870677475', 'in_stock', '2025-06-26 01:29:57', '2025-06-26 01:39:48', 26),
(41, 2, 16, 26, '355472870677830', 'in_stock', '2025-06-26 01:29:57', '2025-06-26 01:39:48', 26),
(42, 2, 17, 27, '350489280507642', 'in_stock', '2025-06-26 01:29:57', '2025-06-26 01:39:48', 27),
(43, 2, 18, 28, '352500460770343', 'in_stock', '2025-06-26 01:29:57', '2025-06-26 01:39:49', 28),
(44, 2, 18, 28, '352500460789442', 'in_stock', '2025-06-26 01:29:57', '2025-06-26 01:39:49', 28),
(45, 2, 19, 29, '356947390064931', 'in_stock', '2025-06-26 01:29:57', '2025-06-26 01:39:49', 29),
(46, 2, 20, 30, '350905850846797', 'in_stock', '2025-06-26 01:29:57', '2025-06-26 01:39:49', 30),
(47, 2, 21, 31, '350905851494316', 'in_stock', '2025-06-26 01:29:57', '2025-06-26 01:39:49', 31),
(48, 2, 22, 32, '868651079672110', 'in_stock', '2025-06-26 01:29:57', '2025-06-26 01:39:49', 32),
(49, 2, 22, 32, '868651079694098', 'in_stock', '2025-06-26 01:29:57', '2025-06-26 01:39:49', 32),
(50, 2, 23, 33, '862488075323190', 'in_stock', '2025-06-26 01:29:57', '2025-06-26 01:39:49', 33),
(51, 2, 23, 33, '862488075343537', 'in_stock', '2025-06-26 01:29:57', '2025-06-26 01:39:49', 33),
(52, 2, 24, 34, '860452073403018', 'in_stock', '2025-06-26 01:29:57', '2025-06-26 01:39:49', 34),
(53, 2, 25, 35, '860452073581839', 'in_stock', '2025-06-26 01:29:57', '2025-06-26 01:39:49', 35),
(54, 2, 25, 35, '860452073580559', 'in_stock', '2025-06-26 01:29:57', '2025-06-26 01:39:49', 35),
(55, 2, 25, 35, '860452073580971', 'in_stock', '2025-06-26 01:29:57', '2025-06-26 01:39:49', 35),
(56, 2, 25, 35, '860452073581474', 'in_stock', '2025-06-26 01:29:57', '2025-06-26 01:39:49', 35),
(57, 2, 25, 35, '860452073581557', 'in_stock', '2025-06-26 01:29:57', '2025-06-26 01:39:49', 35),
(58, 2, 25, 35, '860452075362311', 'in_stock', '2025-06-26 01:29:57', '2025-06-26 01:39:49', 35),
(59, 2, 26, 36, '865518070298752', 'in_stock', '2025-06-26 01:29:57', '2025-06-26 01:39:49', 36),
(60, 2, 27, 37, '865518070164517', 'in_stock', '2025-06-26 01:29:57', '2025-06-26 01:39:49', 37),
(61, 2, 28, 38, '865518070386615', 'in_stock', '2025-06-26 01:29:57', '2025-06-26 01:39:49', 38),
(62, 2, 29, 39, '357582383539299', 'in_stock', '2025-06-26 01:29:57', '2025-06-26 01:39:49', 39),
(63, 2, 29, 39, '357582384123929', 'in_stock', '2025-06-26 01:29:57', '2025-06-26 01:39:49', 39),
(64, 2, 30, 40, '357582384315467', 'in_stock', '2025-06-26 01:29:57', '2025-06-26 01:39:49', 40),
(65, 2, 31, 41, '351182451942586', 'in_stock', '2025-06-26 01:29:57', '2025-06-26 01:39:49', 41),
(66, 2, 31, 41, '351182452448765', 'in_stock', '2025-06-26 01:29:57', '2025-06-26 01:39:49', 41),
(67, 2, 32, 42, '351182452925846', 'in_stock', '2025-06-26 01:29:57', '2025-06-26 01:39:49', 42),
(68, 2, 33, 43, '351182452982177', 'in_stock', '2025-06-26 01:29:57', '2025-06-26 01:39:49', 43),
(69, 2, 34, 44, '352726192084501', 'in_stock', '2025-06-26 01:29:57', '2025-06-26 01:39:49', 44),
(70, 2, 35, 45, '350334721252210', 'in_stock', '2025-06-26 01:29:57', '2025-06-26 01:39:49', 45),
(71, 2, 36, 46, '354390903116447', 'in_stock', '2025-06-26 01:29:57', '2025-06-26 01:39:49', 46),
(72, 2, 36, 46, '354390903299730', 'in_stock', '2025-06-26 01:29:57', '2025-06-26 01:39:49', 46),
(73, 2, 37, 47, '354390903146600', 'in_stock', '2025-06-26 01:29:57', '2025-06-26 01:39:49', 47),
(74, 2, 38, 48, '355414753426299', 'in_stock', '2025-06-26 01:29:57', '2025-06-26 01:39:49', 48),
(75, 2, 38, 48, '355414753438377', 'in_stock', '2025-06-26 01:29:57', '2025-06-26 01:39:49', 48),
(76, 2, 39, 49, '353151973430360', 'in_stock', '2025-06-26 01:29:57', '2025-06-26 01:39:49', 49),
(77, 2, 40, 50, '353151973046877', 'in_stock', '2025-06-26 01:29:57', '2025-06-26 01:39:49', 50),
(78, 2, 41, 51, '353151973178464', 'in_stock', '2025-06-26 01:29:57', '2025-06-26 01:39:49', 51),
(79, 2, 42, 52, '353151973223971', 'in_stock', '2025-06-26 01:29:57', '2025-06-26 01:39:49', 52),
(80, 2, 43, 53, '352978789026912', 'in_stock', '2025-06-26 01:29:57', '2025-06-26 01:39:49', 53),
(81, 2, 43, 53, '352978789027001', 'in_stock', '2025-06-26 01:29:57', '2025-06-26 01:39:49', 53),
(82, 2, 43, 53, '352978789029106', 'in_stock', '2025-06-26 01:29:57', '2025-06-26 01:39:49', 53),
(83, 2, 43, 53, '352978789039576', 'in_stock', '2025-06-26 01:29:57', '2025-06-26 01:39:49', 53),
(84, 2, 43, 53, '352978789039832', 'in_stock', '2025-06-26 01:29:57', '2025-06-26 01:39:49', 53),
(85, 2, 44, 54, '356855275310222', 'in_stock', '2025-06-26 01:57:58', '2025-06-26 02:05:05', 54),
(86, 2, 44, 54, '356855278098204', 'in_stock', '2025-06-26 01:57:58', '2025-06-26 02:05:05', 54),
(87, 2, 45, 55, '356855278871089', 'in_stock', '2025-06-26 01:57:58', '2025-06-26 02:05:05', 55),
(88, 2, 46, 56, '351968760212780', 'in_stock', '2025-06-26 01:57:58', '2025-06-26 02:05:05', 56),
(89, 2, 48, 57, '356855275863949', 'in_stock', '2025-06-26 01:57:58', '2025-06-26 02:05:05', 57),
(90, 2, 48, 57, '356855276551501', 'in_stock', '2025-06-26 01:57:58', '2025-06-26 02:05:05', 57),
(91, 2, 48, 57, '356855276548101', 'in_stock', '2025-06-26 01:57:58', '2025-06-26 02:05:05', 57),
(92, 2, 48, 57, '356855276555940', 'in_stock', '2025-06-26 01:57:58', '2025-06-26 02:05:05', 57),
(93, 2, 48, 57, '356855276563407', 'in_stock', '2025-06-26 01:57:58', '2025-06-26 02:05:05', 57),
(94, 2, 47, 58, '356855277377062', 'in_stock', '2025-06-26 01:57:58', '2025-06-26 02:05:05', 58),
(95, 2, 47, 58, '350035580077974', 'in_stock', '2025-06-26 01:57:58', '2025-06-26 02:05:05', 58),
(96, 2, 47, 58, '350035580078188', 'in_stock', '2025-06-26 01:57:58', '2025-06-26 02:05:05', 58),
(97, 2, 47, 58, '350035580078691', 'in_stock', '2025-06-26 01:57:58', '2025-06-26 02:05:05', 58),
(98, 2, 49, 59, '356855275717525', 'in_stock', '2025-06-26 01:57:58', '2025-06-26 02:05:05', 59),
(99, 2, 49, 59, '356855275717582', 'in_stock', '2025-06-26 01:57:58', '2025-06-26 02:05:05', 59),
(100, 2, 49, 59, '356855275721949', 'in_stock', '2025-06-26 01:57:58', '2025-06-26 02:05:05', 59),
(101, 2, 49, 59, '356855275774369', 'in_stock', '2025-06-26 01:57:58', '2025-06-26 02:05:05', 59),
(102, 2, 49, 59, '356855275775648', 'in_stock', '2025-06-26 01:57:58', '2025-06-26 02:05:05', 59),
(103, 2, 50, 60, '356855279516543', 'in_stock', '2025-06-26 01:57:59', '2025-06-26 02:05:05', 60),
(104, 2, 50, 60, '356855279334525', 'in_stock', '2025-06-26 01:57:59', '2025-06-26 02:05:05', 60),
(105, 2, 50, 60, '356855279338500', 'in_stock', '2025-06-26 01:57:59', '2025-06-26 02:05:05', 60),
(106, 2, 50, 60, '356855279340928', 'in_stock', '2025-06-26 01:57:59', '2025-06-26 02:05:05', 60),
(107, 2, 52, 61, '869763079668516', 'in_stock', '2025-06-26 01:57:59', '2025-06-26 02:05:05', 61),
(108, 2, 53, 62, '866489071137812', 'in_stock', '2025-06-26 01:57:59', '2025-06-26 02:05:05', 62),
(109, 2, 54, 63, '866489070254717', 'in_stock', '2025-06-26 01:57:59', '2025-06-26 02:05:05', 63),
(110, 2, 55, 64, '861631070558838', 'in_stock', '2025-06-26 01:57:59', '2025-06-26 02:05:05', 64),
(111, 2, 56, 65, '867491079302132', 'in_stock', '2025-06-26 01:57:59', '2025-06-26 02:05:05', 65),
(112, 2, 57, 66, '860789077959077', 'in_stock', '2025-06-26 01:57:59', '2025-06-26 02:05:05', 66),
(113, 2, 58, 67, '861945078961772', 'in_stock', '2025-06-26 01:57:59', '2025-06-26 02:05:05', 67),
(114, 2, 59, 68, '866489070531494', 'in_stock', '2025-06-26 01:57:59', '2025-06-26 02:05:05', 68),
(115, 2, 59, 68, '866489070517055', 'in_stock', '2025-06-26 01:57:59', '2025-06-26 02:05:05', 68),
(116, 2, 60, 69, '866489070573918', 'in_stock', '2025-06-26 01:57:59', '2025-06-26 02:05:05', 69),
(117, 2, 61, 70, '863245079911233', 'in_stock', '2025-06-26 01:57:59', '2025-06-26 02:05:05', 70),
(118, 2, 62, 71, '866245071592558', 'in_stock', '2025-06-26 01:57:59', '2025-06-26 02:05:05', 71),
(119, 2, 63, 72, '866245071694016', 'in_stock', '2025-06-26 01:57:59', '2025-06-26 02:05:05', 72),
(120, 2, 63, 72, '866245077495178', 'in_stock', '2025-06-26 01:57:59', '2025-06-26 02:05:05', 72),
(121, 2, 64, 73, '866814079185184', 'in_stock', '2025-06-26 01:57:59', '2025-06-26 02:05:05', 73),
(122, 2, 65, 74, '865623074876262', 'in_stock', '2025-06-26 01:57:59', '2025-06-26 02:05:05', 74),
(123, 2, 66, 75, '865189072119360', 'in_stock', '2025-06-26 01:57:59', '2025-06-26 02:05:05', 75),
(124, 2, 67, 76, '863464071262426', 'in_stock', '2025-06-26 01:57:59', '2025-06-26 02:05:05', 76),
(125, 2, 68, 77, '866068072211741', 'in_stock', '2025-06-26 01:57:59', '2025-06-26 02:05:05', 77),
(126, 2, 69, 78, '865865074725920', 'in_stock', '2025-06-26 01:57:59', '2025-06-26 02:05:05', 78),
(127, 2, 70, 79, '865865074993106', 'in_stock', '2025-06-26 01:57:59', '2025-06-26 02:05:05', 79),
(128, 2, 71, 80, '865865075696104', 'in_stock', '2025-06-26 01:57:59', '2025-06-26 02:05:05', 80),
(129, 2, 72, 81, '865865075998583', 'in_stock', '2025-06-26 01:57:59', '2025-06-26 02:05:05', 81),
(130, 2, 72, 81, '865865076162106', 'in_stock', '2025-06-26 01:57:59', '2025-06-26 02:05:05', 81),
(131, 2, 72, 81, '865865076184126', 'in_stock', '2025-06-26 01:57:59', '2025-06-26 02:05:05', 81),
(132, 2, 73, 82, '863129076884595', 'in_stock', '2025-06-26 01:57:59', '2025-06-26 02:05:05', 82),
(133, 2, 73, 82, '863129076890204', 'in_stock', '2025-06-26 01:57:59', '2025-06-26 02:05:05', 82),
(134, 2, 73, 82, '863129076900169', 'in_stock', '2025-06-26 01:57:59', '2025-06-26 02:05:05', 82),
(135, 2, 73, 82, '863129077190612', 'in_stock', '2025-06-26 01:57:59', '2025-06-26 02:05:05', 82),
(136, 2, 73, 82, '863129077200643', 'in_stock', '2025-06-26 01:57:59', '2025-06-26 02:05:05', 82),
(137, 2, 50, 83, '356855279343369', 'in_stock', '2025-06-26 02:06:12', '2025-06-26 02:06:24', 60),
(138, 2, 51, 84, '356855279719485', 'in_stock', '2025-06-26 02:06:12', '2025-06-26 02:06:24', 83),
(139, 2, 51, 84, '356855279725540', 'in_stock', '2025-06-26 02:06:12', '2025-06-26 02:06:25', 83),
(143, 1, 15, 88, '002', 'in_stock', '2025-06-30 10:51:41', '2025-06-30 10:59:04', NULL);

-- --------------------------------------------------------

--
-- Table structure for table `migrations`
--

CREATE TABLE `migrations` (
  `id` int(10) UNSIGNED NOT NULL,
  `migration` varchar(255) NOT NULL,
  `batch` int(11) NOT NULL
) ENGINE=InnoDB DEFAULT CHARSET=utf8mb4 COLLATE=utf8mb4_unicode_ci;

--
-- Dumping data for table `migrations`
--

INSERT INTO `migrations` (`id`, `migration`, `batch`) VALUES
(1, '2019_12_14_000001_create_personal_access_tokens_table', 1),
(2, '2025_05_06_032158_create_branches_table', 1),
(3, '2025_05_06_032212_create_users_table', 1),
(4, '2025_05_06_032224_create_suppliers_table', 1),
(5, '2025_05_06_032235_create_brands_table', 1),
(6, '2025_05_06_032236_create_products_table', 1),
(7, '2025_05_06_032250_create_inventory_items_table', 1),
(8, '2025_05_06_032301_create_purchases_table', 1),
(9, '2025_05_06_032302_create_purchase_items_table', 1),
(10, '2025_05_06_032318_create_sales_table', 1),
(11, '2025_05_06_032319_create_sales_items_table', 1),
(12, '2025_05_06_032429_create_stock_transfers_table', 1),
(13, '2025_05_06_032441_create_stock_transfers_items_table', 1),
(14, '2025_05_22_174256_add_name_to_products_table', 1),
(15, '2025_05_23_154539_add_qty_price_to_purchase_items_table', 1),
(16, '2025_05_23_160937_add_purchase_date_to_purchases_table', 1),
(17, '2025_05_28_165854_add_purchase_item_id_to_inventory_items_table', 1),
(18, '2025_06_09_073129_add_type_to_products_table', 1),
(19, '2025_06_14_075312_add_type_to_purchase_items_and_inventory_items', 1),
(20, '2025_06_14_092240_create_inventories_table', 1),
(21, '2025_06_14_092622_add_inventory_id_to_inventory_items_table', 1),
(22, '2025_06_17_170103_create_stock_requests_table', 2),
(23, '2025_06_18_074129_add_price_to_sale_items_table', 3),
(24, '2025_06_21_044638_add_status_to_sale_item_table', 4),
(25, '2025_06_30_175030_make_imei_unique_in_inventory_items_table', 5);

-- --------------------------------------------------------

--
-- Table structure for table `personal_access_tokens`
--

CREATE TABLE `personal_access_tokens` (
  `id` bigint(20) UNSIGNED NOT NULL,
  `tokenable_type` varchar(255) NOT NULL,
  `tokenable_id` bigint(20) UNSIGNED NOT NULL,
  `name` varchar(255) NOT NULL,
  `token` varchar(64) NOT NULL,
  `abilities` text DEFAULT NULL,
  `last_used_at` timestamp NULL DEFAULT NULL,
  `expires_at` timestamp NULL DEFAULT NULL,
  `created_at` timestamp NULL DEFAULT NULL,
  `updated_at` timestamp NULL DEFAULT NULL
) ENGINE=InnoDB DEFAULT CHARSET=utf8mb4 COLLATE=utf8mb4_unicode_ci;

--
-- Dumping data for table `personal_access_tokens`
--

INSERT INTO `personal_access_tokens` (`id`, `tokenable_type`, `tokenable_id`, `name`, `token`, `abilities`, `last_used_at`, `expires_at`, `created_at`, `updated_at`) VALUES
(1, 'App\\Models\\User', 1, 'auth_token', 'bea5607300004400fad3cd81399e6de3dd5de35298abf35c88fe6e2d14d76055', '[\"*\"]', NULL, NULL, '2025-06-14 21:29:08', '2025-06-14 21:29:08'),
(2, 'App\\Models\\User', 3, 'auth_token', '948fe940fceb059c6312fa424d06e455d56fdb51f17e7eebad00fdd00f5705f7', '[\"*\"]', NULL, NULL, '2025-06-14 21:30:30', '2025-06-14 21:30:30'),
(3, 'App\\Models\\User', 3, 'auth_token', '6573cc0102e8b2857bbf8658157c8657d57342a75ac5694a488db887ccfa37c1', '[\"*\"]', NULL, NULL, '2025-06-15 03:30:20', '2025-06-15 03:30:20'),
(4, 'App\\Models\\User', 2, 'auth_token', 'f67820fa1fceda4aa92dbbab0d83dbc07eb5f87ec65dea1a331f4ae2d76cf36c', '[\"*\"]', NULL, NULL, '2025-06-15 05:10:05', '2025-06-15 05:10:05'),
(5, 'App\\Models\\User', 1, 'auth_token', 'b8c079ddea391770fe953f5214cc316cad25eebf3e8460ef8c0d624899c4b8fa', '[\"*\"]', NULL, NULL, '2025-06-15 05:10:27', '2025-06-15 05:10:27'),
(6, 'App\\Models\\User', 3, 'auth_token', '532f3c05b0ea5c745a5f1c6cf558ff69487e7ac395d976b83b013c2632b3fb41', '[\"*\"]', NULL, NULL, '2025-06-16 00:53:20', '2025-06-16 00:53:20'),
(7, 'App\\Models\\User', 3, 'auth_token', '64c49fe9fb88bd3964902b8fdfb3202925dd244413dec57947496accd046eb74', '[\"*\"]', NULL, NULL, '2025-06-16 00:53:21', '2025-06-16 00:53:21'),
(8, 'App\\Models\\User', 3, 'auth_token', '8241bb19003c4318b18b0b0b554003c95397eb885dad03a314c881555c5d19bf', '[\"*\"]', NULL, NULL, '2025-06-16 00:54:45', '2025-06-16 00:54:45'),
(9, 'App\\Models\\User', 1, 'auth_token', '7599cf83d93e45cf09bfbefb0e10e976ea4698ea4293ebc31318f301c75fe80f', '[\"*\"]', NULL, NULL, '2025-06-16 00:56:13', '2025-06-16 00:56:13'),
(10, 'App\\Models\\User', 3, 'auth_token', '0a632c4d18c4a5923179e4e6499545753af58f543d95e34fb3d673c453644102', '[\"*\"]', NULL, NULL, '2025-06-16 00:59:32', '2025-06-16 00:59:32'),
(11, 'App\\Models\\User', 4, 'auth_token', '75929cc6accbeb0c6b6031ab243378fa0703cab26842e88fe83c9e183f02085e', '[\"*\"]', NULL, NULL, '2025-06-16 01:02:09', '2025-06-16 01:02:09'),
(12, 'App\\Models\\User', 4, 'auth_token', '154f050dd4046ca2325ed138a135e9f8aca26fe3e11a712c142165ba4b7e9075', '[\"*\"]', NULL, NULL, '2025-06-16 01:03:44', '2025-06-16 01:03:44'),
(13, 'App\\Models\\User', 1, 'auth_token', 'f8ccef4c9de28e99b1b449ae275ef35d0184f75e2cd156b4a5c9da72fb87264b', '[\"*\"]', NULL, NULL, '2025-06-16 01:10:43', '2025-06-16 01:10:43'),
(14, 'App\\Models\\User', 3, 'auth_token', '6082370dbac1898a72c6bf9f7f8a5cfb7c1ac7f14543d274b9dce95fb90c6d59', '[\"*\"]', NULL, NULL, '2025-06-16 01:14:52', '2025-06-16 01:14:52'),
(15, 'App\\Models\\User', 2, 'auth_token', 'dbeb2326bc5df6408f84d0a0ff17fb3b9d7867827c547d4b604ade3c463b8b15', '[\"*\"]', NULL, NULL, '2025-06-16 01:54:23', '2025-06-16 01:54:23'),
(16, 'App\\Models\\User', 2, 'auth_token', 'e0c0185dc0bfe6952551b74a7eb37a884d63f571f3844d2d8fc3e4b3741db202', '[\"*\"]', NULL, NULL, '2025-06-17 08:46:23', '2025-06-17 08:46:23'),
(17, 'App\\Models\\User', 3, 'auth_token', 'd77924a431f3f00be5bcedde0527139ae90d514a8d125e9b7220cd7c1701ac08', '[\"*\"]', NULL, NULL, '2025-06-17 08:57:10', '2025-06-17 08:57:10'),
(18, 'App\\Models\\User', 4, 'auth_token', '8c576c8732d4a35db0e70d0d31fac52b09826a897d8e3cc4d889d871b03b4939', '[\"*\"]', NULL, NULL, '2025-06-17 08:57:39', '2025-06-17 08:57:39'),
(19, 'App\\Models\\User', 2, 'auth_token', 'bf6c55e0b7273affb4c545eda26cfb54b7a9fbe3cf366d458708525eac372566', '[\"*\"]', NULL, NULL, '2025-06-17 18:07:50', '2025-06-17 18:07:50'),
(20, 'App\\Models\\User', 4, 'auth_token', 'e3c5ecda5898fcbac7220dc1d033722ac776bb1a248c2169ac81fd25e549ceb1', '[\"*\"]', NULL, NULL, '2025-06-17 19:05:12', '2025-06-17 19:05:12'),
(21, 'App\\Models\\User', 2, 'auth_token', '7bd68cdf28496e165e2f1703febcbd71657df4c74dd49bf46f8ef60d4e2721fc', '[\"*\"]', NULL, NULL, '2025-06-17 19:11:25', '2025-06-17 19:11:25'),
(22, 'App\\Models\\User', 2, 'auth_token', '19311b33a1ccd972940865ab8d91d87b115e68e3b99a5dc45f9e75111141e607', '[\"*\"]', NULL, NULL, '2025-06-17 21:18:17', '2025-06-17 21:18:17'),
(23, 'App\\Models\\User', 2, 'auth_token', 'f11bcdc2d2653422e1c4c2d7afcfa3296a9cb465093d07ad7cf8cae0f58f5c58', '[\"*\"]', NULL, NULL, '2025-06-17 21:20:27', '2025-06-17 21:20:27'),
(24, 'App\\Models\\User', 4, 'auth_token', '7ee61fda1a3eba1d52bf30075dbd249acd1b88230bc258e9e5b4098385342e8b', '[\"*\"]', NULL, NULL, '2025-06-17 21:20:39', '2025-06-17 21:20:39'),
(25, 'App\\Models\\User', 2, 'auth_token', '3c3b992ee72718468b3ba9146581b1fa54e7b0e81aa04ce0ba7f1e304fee5851', '[\"*\"]', NULL, NULL, '2025-06-17 21:29:12', '2025-06-17 21:29:12'),
(26, 'App\\Models\\User', 2, 'auth_token', 'd1a2b315e799093fea152feed829f8bc6752d3190301d2a6c433359ba7aada07', '[\"*\"]', NULL, NULL, '2025-06-17 21:32:38', '2025-06-17 21:32:38'),
(27, 'App\\Models\\User', 1, 'auth_token', '9ba4fdba6a6665ce20737104b6f64cc7ae5ddfa43327ebbcccc3a0f109bcbd01', '[\"*\"]', NULL, NULL, '2025-06-17 21:59:03', '2025-06-17 21:59:03'),
(28, 'App\\Models\\User', 2, 'auth_token', '5de545ef829569ebf23c824784a57d71af13abc1c7ccf5b46638d1f053aed998', '[\"*\"]', NULL, NULL, '2025-06-17 21:59:25', '2025-06-17 21:59:25'),
(29, 'App\\Models\\User', 1, 'auth_token', '79b88f571ccba7833d8b98e9a9a1f1f3fb3c701e3aa0982c8e69e40c8c92dd79', '[\"*\"]', NULL, NULL, '2025-06-17 22:12:24', '2025-06-17 22:12:24'),
(30, 'App\\Models\\User', 3, 'auth_token', '4766d25be56fcfcabf4091a4705c523b9b2ba7390fb937bc04b3a2351756c086', '[\"*\"]', NULL, NULL, '2025-06-17 23:38:07', '2025-06-17 23:38:07'),
(31, 'App\\Models\\User', 2, 'auth_token', '9d56a015364086f94c014605f2a4ddf883a1afe00a40c04de00f6c746aaca785', '[\"*\"]', NULL, NULL, '2025-06-17 23:47:39', '2025-06-17 23:47:39'),
(32, 'App\\Models\\User', 1, 'auth_token', '5bbe3faad3e1594e4d06442df62bd9c53550653b957a4472e372771fab9ea6a9', '[\"*\"]', NULL, NULL, '2025-06-18 03:30:16', '2025-06-18 03:30:16'),
(33, 'App\\Models\\User', 4, 'auth_token', '8cb698a617701df432a0fbbd97087df42782aed4f4330c32ebe41eb055eecac8', '[\"*\"]', NULL, NULL, '2025-06-18 03:31:13', '2025-06-18 03:31:13'),
(34, 'App\\Models\\User', 1, 'auth_token', 'dc8fcec755e35e98234d4a789356414ee66b943e92a9497a83bd3a8bb8d754e3', '[\"*\"]', NULL, NULL, '2025-06-18 03:32:10', '2025-06-18 03:32:10'),
(35, 'App\\Models\\User', 3, 'auth_token', 'ec164d5e96691f0f6bac238eda8a48f06d6e6bb1293ba6652ffaf72565460b78', '[\"*\"]', NULL, NULL, '2025-06-18 03:43:13', '2025-06-18 03:43:13'),
(36, 'App\\Models\\User', 1, 'auth_token', '46cd11fe0f31a2d11be8c9d618537e75cba0b3d9fed37c05e6af874ad2903fdc', '[\"*\"]', NULL, NULL, '2025-06-18 03:45:21', '2025-06-18 03:45:21'),
(37, 'App\\Models\\User', 2, 'auth_token', '434412b0bafd148cbf888a2b0a152d258bd44c7624eb8037fb6f5402a97e7fa0', '[\"*\"]', NULL, NULL, '2025-06-18 03:45:43', '2025-06-18 03:45:43'),
(38, 'App\\Models\\User', 4, 'auth_token', '9edc6f7e71b8c135a2f2ca01bf5c8edb09361bc9d70b2d5e0c2e46b8e13df077', '[\"*\"]', NULL, NULL, '2025-06-18 03:46:53', '2025-06-18 03:46:53'),
(39, 'App\\Models\\User', 3, 'auth_token', '9e4b20445a21bd6a07bcf4b285ce8afda2eaaba9476a2cc0d63c5be2be0322a6', '[\"*\"]', NULL, NULL, '2025-06-18 03:48:19', '2025-06-18 03:48:19'),
(40, 'App\\Models\\User', 2, 'auth_token', '9b6b406311e9a2745ba074c37916026c98845faad933dad779d1197323c14e13', '[\"*\"]', NULL, NULL, '2025-06-18 03:49:13', '2025-06-18 03:49:13'),
(41, 'App\\Models\\User', 1, 'auth_token', '1ed6e1c54950ba178e49a2e38f9f05c6e3867da6242af1ba5918299fee61f491', '[\"*\"]', NULL, NULL, '2025-06-20 00:02:37', '2025-06-20 00:02:37'),
(42, 'App\\Models\\User', 3, 'auth_token', '090527cf8174d2afc9ece4de5ece98ea0865e46f2db8132f12c42ce34aee9025', '[\"*\"]', NULL, NULL, '2025-06-20 00:11:40', '2025-06-20 00:11:40'),
(43, 'App\\Models\\User', 2, 'auth_token', '7faff87baa9b64bf0728ab8a1cdff439886e29f54ea05e845e5c0f3b679ba766', '[\"*\"]', NULL, NULL, '2025-06-20 00:25:13', '2025-06-20 00:25:13'),
(44, 'App\\Models\\User', 4, 'auth_token', '3a3a057eab4979fd9640a160245a961e9d5c27a50db95f173e19fa961e99783b', '[\"*\"]', NULL, NULL, '2025-06-20 00:27:16', '2025-06-20 00:27:16'),
(45, 'App\\Models\\User', 3, 'auth_token', '5c1997389b4cf1002acbbc1239b60996fe3a475646c9a3988631b49299f72b46', '[\"*\"]', NULL, NULL, '2025-06-20 00:39:38', '2025-06-20 00:39:38'),
(46, 'App\\Models\\User', 2, 'auth_token', 'efd9ec4012b6f99bce5c2e59363516a47f1b99d70740f8aedebeeb0a3e640b68', '[\"*\"]', NULL, NULL, '2025-06-20 01:06:32', '2025-06-20 01:06:32'),
(47, 'App\\Models\\User', 2, 'auth_token', '5708ccf444768a606fa05d0f4b24e34f3415d26a3c5f6c25c160607b06dfa13e', '[\"*\"]', NULL, NULL, '2025-06-20 21:05:35', '2025-06-20 21:05:35'),
(48, 'App\\Models\\User', 2, 'auth_token', '1fc1bd5cbff27403e0f40b1b5689fe420499cf855cf9354d8e789724c0d5198d', '[\"*\"]', NULL, NULL, '2025-06-20 21:11:02', '2025-06-20 21:11:02'),
(49, 'App\\Models\\User', 3, 'auth_token', '9ff553fc7e733dc603cff1e50a2ba1fbd7882934be9675e299d98876b729e327', '[\"*\"]', NULL, NULL, '2025-06-21 00:10:09', '2025-06-21 00:10:09'),
(50, 'App\\Models\\User', 1, 'auth_token', 'c10f746e9fa9eee9f64d322ed94a232722ba79d9e2133f3e7baf2918dc85beaf', '[\"*\"]', NULL, NULL, '2025-06-22 23:53:54', '2025-06-22 23:53:54'),
(51, 'App\\Models\\User', 1, 'auth_token', 'f510682279aa431d878de1703fd885082037c56be6cab1b143810fca953beae9', '[\"*\"]', NULL, NULL, '2025-06-23 00:29:26', '2025-06-23 00:29:26'),
(52, 'App\\Models\\User', 3, 'auth_token', 'cf0e25b52022cc0033dd1090318a99b0932318f191fbf42067e89a2fc5c46584', '[\"*\"]', NULL, NULL, '2025-06-23 22:16:14', '2025-06-23 22:16:14'),
(53, 'App\\Models\\User', 3, 'auth_token', 'a0a06de19be198ba8803cbd2a56813b6551fc92d058a70520290cf93578e01e0', '[\"*\"]', NULL, NULL, '2025-06-23 22:56:23', '2025-06-23 22:56:23'),
(54, 'App\\Models\\User', 3, 'auth_token', '4b566d813d2247849b2194ce01a0a8822f993f04745e76209f4a7a258131bd2e', '[\"*\"]', NULL, NULL, '2025-06-23 23:38:44', '2025-06-23 23:38:44'),
(55, 'App\\Models\\User', 1, 'auth_token', 'd9da319d1baa2494a5fdb372477490ce54bb36c97dd03d03b0e28b58a39c7050', '[\"*\"]', NULL, NULL, '2025-06-24 00:17:02', '2025-06-24 00:17:02'),
(56, 'App\\Models\\User', 3, 'auth_token', 'ea9b0bb27613d972c49aa313af4ba35c08a11a0b4ec0a82931018d67d8aeb9fd', '[\"*\"]', NULL, NULL, '2025-06-24 00:54:49', '2025-06-24 00:54:49'),
(57, 'App\\Models\\User', 1, 'auth_token', '39ebb224ce09eac8945db2e2fb55ae74dbc76b4443d87b98a979109916921c6a', '[\"*\"]', NULL, NULL, '2025-06-24 00:58:27', '2025-06-24 00:58:27'),
(58, 'App\\Models\\User', 3, 'auth_token', '4846a11858aa81fd4d80afad73edab624eab97a36b18c74d20024b9318fc9bb2', '[\"*\"]', NULL, NULL, '2025-06-24 01:09:22', '2025-06-24 01:09:22'),
(59, 'App\\Models\\User', 1, 'auth_token', '2afe8f8c35cd299641b548702fbae2118a2171ae4f0a17dcbc13314f0f63c7a3', '[\"*\"]', NULL, NULL, '2025-06-24 01:20:15', '2025-06-24 01:20:15'),
(60, 'App\\Models\\User', 3, 'auth_token', 'f32ba80c6ee0b4e15928350f16e717dd100846dd194bd20ca767ae720aa005c0', '[\"*\"]', NULL, NULL, '2025-06-24 01:22:44', '2025-06-24 01:22:44'),
(61, 'App\\Models\\User', 1, 'auth_token', '211c395ce5706c42c4dc74424319f2af9b1246055ed6eeb86dc7c6161f139692', '[\"*\"]', NULL, NULL, '2025-06-24 01:38:55', '2025-06-24 01:38:55'),
(62, 'App\\Models\\User', 3, 'auth_token', 'adbd7c132045efa8bad239927b2b39ce641e2e8aebb32f9ac1205e6be3981f56', '[\"*\"]', NULL, NULL, '2025-06-24 02:24:28', '2025-06-24 02:24:28'),
(63, 'App\\Models\\User', 1, 'auth_token', '340d895de2663af222ff6cdf7a103b1ceb9536fdae5015f7b71ad251190af66c', '[\"*\"]', NULL, NULL, '2025-06-24 02:26:25', '2025-06-24 02:26:25'),
(64, 'App\\Models\\User', 3, 'auth_token', '3ca8564cde3f589917c36901556db8c1ee5edc29a06c901722d0fa3f6959c47b', '[\"*\"]', NULL, NULL, '2025-06-24 03:14:35', '2025-06-24 03:14:35'),
(65, 'App\\Models\\User', 2, 'auth_token', 'b1b536d7c0e17a1d57d809f1bc036e807ba19a95f46001fdfcba45e62ff65779', '[\"*\"]', NULL, NULL, '2025-06-24 03:26:15', '2025-06-24 03:26:15'),
(66, 'App\\Models\\User', 2, 'auth_token', '2712537c04e083b75ee05e1b26d54de525d951866540b730ba20fbbc803e502e', '[\"*\"]', NULL, NULL, '2025-06-24 03:27:06', '2025-06-24 03:27:06'),
(67, 'App\\Models\\User', 3, 'auth_token', '8bd79dc61e4c823f143c7ab8acfa41e98ac930bd6b8666f58708b1b441f62d2e', '[\"*\"]', NULL, NULL, '2025-06-24 03:27:59', '2025-06-24 03:27:59'),
(68, 'App\\Models\\User', 1, 'auth_token', '8523207a6ae60183ecc4aab14f12b712f6753c727466e593202672976cc684d5', '[\"*\"]', NULL, NULL, '2025-06-24 03:30:14', '2025-06-24 03:30:14'),
(69, 'App\\Models\\User', 3, 'auth_token', '4e9e10a8732003dc35e36acd906af0f14db0f2c91efce108812ff789eee8a4b1', '[\"*\"]', NULL, NULL, '2025-06-24 03:37:35', '2025-06-24 03:37:35'),
(70, 'App\\Models\\User', 1, 'auth_token', 'bb3659a70e55e97433eb8e4aa97401765ab6fe63e4eca3f8dbd217603971555b', '[\"*\"]', NULL, NULL, '2025-06-24 04:38:00', '2025-06-24 04:38:00'),
(71, 'App\\Models\\User', 3, 'auth_token', '2515f83d2a0d0eb7e6f30287dbab413b5bfa933de4b6adbcb6b8eee0e9780a8d', '[\"*\"]', NULL, NULL, '2025-06-24 04:50:50', '2025-06-24 04:50:50'),
(72, 'App\\Models\\User', 2, 'auth_token', 'b91f7cd74f5d0de41262ee11dc7ac8849ae82bc4e3e4e373f74f41d4d79cff78', '[\"*\"]', NULL, NULL, '2025-06-24 05:22:33', '2025-06-24 05:22:33'),
(73, 'App\\Models\\User', 3, 'auth_token', '33185992f9a97e367047f022ebb8f943cfea2462582e7f325a30fffafe8df445', '[\"*\"]', NULL, NULL, '2025-06-24 05:36:53', '2025-06-24 05:36:53'),
(74, 'App\\Models\\User', 2, 'auth_token', '4e3298029ec8b5a5af147141f0f6d7f3b493352ca14d80e4374b122eece8ed4d', '[\"*\"]', NULL, NULL, '2025-06-24 05:43:01', '2025-06-24 05:43:01'),
(75, 'App\\Models\\User', 3, 'auth_token', 'bed81ab8e1ba277f87bc92187663558259f693686cb7e35d0cf92243c4702a86', '[\"*\"]', NULL, NULL, '2025-06-24 05:51:40', '2025-06-24 05:51:40'),
(76, 'App\\Models\\User', 2, 'auth_token', 'b6470ade761231eb1986138bb48dd702ae585b750a08490b4e183151e88679e6', '[\"*\"]', NULL, NULL, '2025-06-24 06:02:54', '2025-06-24 06:02:54'),
(77, 'App\\Models\\User', 4, 'auth_token', '14225a5ab6e1e405c4f70e7dc7b17f2257191aced73819954934fb55676437d3', '[\"*\"]', NULL, NULL, '2025-06-24 06:03:20', '2025-06-24 06:03:20'),
(78, 'App\\Models\\User', 1, 'auth_token', '0348937d787c5971029b8b972c803e9ef788eee3d4d6a4ddf3c4295f53903eb6', '[\"*\"]', NULL, NULL, '2025-06-24 09:08:48', '2025-06-24 09:08:48'),
(79, 'App\\Models\\User', 3, 'auth_token', '6d066c3ddbaae02bfebc5a7311ccc359e85ae596c92492c8a814cbb4f2a3e57e', '[\"*\"]', NULL, NULL, '2025-06-24 09:22:21', '2025-06-24 09:22:21'),
(80, 'App\\Models\\User', 2, 'auth_token', '7ecdc1e11ceadf6adecc48c8735cccbbed4c1ccbe12fd3313c3813ea61b25ec9', '[\"*\"]', NULL, NULL, '2025-06-24 09:24:45', '2025-06-24 09:24:45'),
(81, 'App\\Models\\User', 3, 'auth_token', 'cba3c7a97f7c7a78a3840a9062bf4f92222bc4ca560d234b0861c040ffa7651e', '[\"*\"]', NULL, NULL, '2025-06-24 09:31:39', '2025-06-24 09:31:39'),
(82, 'App\\Models\\User', 2, 'auth_token', '55de2111daff87b5812407ddb42a512ddee074507f8c4944dd7f348bd3a2df17', '[\"*\"]', NULL, NULL, '2025-06-24 09:33:45', '2025-06-24 09:33:45'),
(83, 'App\\Models\\User', 3, 'auth_token', '75af0b3f65bed2146cb73506775e730af6943165a045710fa282376d1a757243', '[\"*\"]', NULL, NULL, '2025-06-24 09:34:39', '2025-06-24 09:34:39'),
(84, 'App\\Models\\User', 4, 'auth_token', 'bbdb712b05c44875ce44f50cc38d39b27a365f83190e64ea4c377a258ec4e520', '[\"*\"]', NULL, NULL, '2025-06-24 09:34:53', '2025-06-24 09:34:53'),
(85, 'App\\Models\\User', 3, 'auth_token', '11a686bfc9cf5afad4f02ee56aa50d172f93745c31d04f848ffb1269d30c9edf', '[\"*\"]', NULL, NULL, '2025-06-24 09:36:50', '2025-06-24 09:36:50');

-- --------------------------------------------------------

--
-- Table structure for table `products`
--

CREATE TABLE `products` (
  `id` bigint(20) UNSIGNED NOT NULL,
  `name` varchar(255) NOT NULL,
  `brand_id` bigint(20) UNSIGNED NOT NULL,
  `type_id` bigint(20) UNSIGNED DEFAULT NULL,
  `created_at` timestamp NULL DEFAULT NULL,
  `updated_at` timestamp NULL DEFAULT NULL
) ENGINE=InnoDB DEFAULT CHARSET=utf8mb4 COLLATE=utf8mb4_unicode_ci;

--
-- Dumping data for table `products`
--

INSERT INTO `products` (`id`, `name`, `brand_id`, `type_id`, `created_at`, `updated_at`) VALUES
(4, 'HP GSM INFINIX NOTE 50 16GB 8/256 GB GRAY', 4, 4, '2025-06-21 00:14:50', '2025-06-26 00:22:24'),
(5, 'HP GSM INFINIX NOTE 50 16GB 8/256 GB BLACK', 4, 5, '2025-06-21 00:15:07', '2025-06-21 00:15:07'),
(7, 'INFINIX SMART 10 4/64 GB BLACK', 4, 7, '2025-06-26 00:26:55', '2025-06-26 00:26:55'),
(8, 'INFINIX SMART 10 4/64 GB BLUE', 4, 8, '2025-06-26 00:27:37', '2025-06-26 00:27:37'),
(9, 'INFINIX SMART 10 4/64 GB SILVER', 4, 9, '2025-06-26 00:27:44', '2025-06-26 00:27:44'),
(10, 'INFINIX SMART 10 4/128 GB BLUE', 4, 10, '2025-06-26 00:28:11', '2025-06-26 00:28:11'),
(11, 'INFINIX SMART 10 4/128 GB BLACK', 4, 11, '2025-06-26 00:28:25', '2025-06-26 00:28:25'),
(12, 'INFINIX SMART 10 4/128 GB SILVER', 4, 12, '2025-06-26 00:28:36', '2025-06-26 00:28:36'),
(13, 'IPHONE 13 IBOX 128 GB STARLIGHT', 12, 13, '2025-06-26 00:29:31', '2025-06-26 00:29:31'),
(14, 'IPHONE 13 IBOX 128 GB MIDNIGHT', 12, 14, '2025-06-26 00:29:51', '2025-06-26 00:29:51'),
(15, 'ITEL P70 8/128GB BLACK', 5, 15, '2025-06-26 00:31:34', '2025-06-26 00:31:34'),
(16, 'ITEL A90 4/64GB TITANIUM', 5, 16, '2025-06-26 00:32:06', '2025-06-26 00:32:06'),
(17, 'ITEL VISTATAB 10 MINI RAM 3/64GB GRAY', 5, 17, '2025-06-26 00:32:26', '2025-06-26 00:32:26'),
(18, 'ITEL VISTATAB 10 4 /128 GB BLUE', 5, 18, '2025-06-26 00:33:05', '2025-06-26 00:33:05'),
(19, 'ITEL VISTATAB 11 4/128 GB GRAY', 5, 19, '2025-06-26 00:33:45', '2025-06-26 00:33:45'),
(20, 'MOTOROLA MOTO G45 5G 8/256 GB GREEN', 6, 20, '2025-06-26 00:34:12', '2025-06-26 00:34:12'),
(21, 'MOTOROLA MOTO G45 5G 8/256 GB VIVA MAGENTA', 6, 21, '2025-06-26 00:34:28', '2025-06-26 00:34:28'),
(22, 'NUBIA MUSIC 4/128 GB POP ART.', 7, 22, '2025-06-26 00:35:14', '2025-06-26 00:35:14'),
(23, 'OPPO A3X 4/64GB RED', 1, 1, '2025-06-26 00:35:40', '2025-06-26 00:35:40'),
(24, 'REALME NOTE 60X 4/64 GB GREEN', 8, 24, '2025-06-26 00:36:23', '2025-06-26 00:36:23'),
(25, 'REALME NOTE 60X 4/64 GB BLACK', 8, 23, '2025-06-26 00:36:37', '2025-06-26 00:36:37'),
(26, 'REALME C71 8/128 GB WHITE', 8, 25, '2025-06-26 00:37:18', '2025-06-26 00:37:18'),
(27, 'REALME C71 4/128 GB WHITE', 8, 26, '2025-06-26 00:38:00', '2025-06-26 00:38:00'),
(28, 'REALME C71 6/128 GB WHITE', 8, 27, '2025-06-26 00:38:20', '2025-06-26 00:38:20'),
(29, 'SAMSUNG A16 4G 8/128 GB BLACK', 9, 28, '2025-06-26 00:38:41', '2025-06-26 00:38:41'),
(30, 'SAMSUNG A16 4G 8/128 GB GREEN', 9, 29, '2025-06-26 00:38:58', '2025-06-26 00:38:58'),
(31, 'SAMSUNG A16 5G 8/256 GB BLACK', 9, 30, '2025-06-26 00:39:43', '2025-06-26 00:39:43'),
(32, 'SAMSUNG A16 5G 8/256 GB GOLD', 9, 31, '2025-06-26 00:40:10', '2025-06-26 00:40:10'),
(33, 'SAMSUNG A16 5G 8/256 GB GREEN', 9, 32, '2025-06-26 00:40:25', '2025-06-26 00:40:25'),
(34, 'SAMSUNG TAB A9 4/64GB GRAPHITE', 9, 33, '2025-06-26 00:40:49', '2025-06-26 00:40:49'),
(35, 'SAMSUNG A06 5G 6/128 GB GREEN', 9, 34, '2025-06-26 00:41:05', '2025-06-26 00:41:05'),
(36, 'SAMSUNG A56 8/256 GRAPHITE', 9, 35, '2025-06-26 00:41:25', '2025-06-26 00:41:25'),
(37, 'SAMSUNG A56 8/256 LIGHTGRAY', 9, 36, '2025-06-26 00:41:39', '2025-06-26 00:41:39'),
(38, 'SAMSUNG A06 4/128 BLACK', 9, 37, '2025-06-26 00:42:06', '2025-06-26 00:42:06'),
(39, 'SAMSUNG A36 8/256 BLACK', 9, 38, '2025-06-26 00:42:32', '2025-06-26 00:42:32'),
(40, 'SAMSUNG A36 8/256 WHITE', 9, 39, '2025-06-26 00:42:51', '2025-06-26 00:42:51'),
(41, 'SAMSUNG A36 8/256 LAVENDER', 9, 40, '2025-06-26 00:43:15', '2025-06-26 00:43:15'),
(42, 'SAMSUNG A36 8/256 LIME', 9, 41, '2025-06-26 00:43:38', '2025-06-26 00:43:38'),
(43, 'SAMSUNG A06 4/64GB BLACK', 9, 42, '2025-06-26 00:44:03', '2025-06-26 00:44:03'),
(44, 'TECNO SPARK GO 1 3/64 GB WHITE', 10, 43, '2025-06-26 00:44:22', '2025-06-26 00:44:22'),
(45, 'TECNO SPARK GO 1 3/64 GB GOLD', 10, 44, '2025-06-26 00:44:35', '2025-06-26 00:44:35'),
(46, 'TECNO CAMON 40 PRO 5G 8/256 GB GREEN', 10, 45, '2025-06-26 00:45:06', '2025-06-26 00:45:06'),
(47, 'TECNO SPARK GO 1 4/128 GB WHITE', 10, 47, '2025-06-26 00:45:46', '2025-06-26 00:45:46'),
(48, 'TECNO SPARK GO 1 4/128 GB BLACK', 10, 46, '2025-06-26 00:46:13', '2025-06-26 00:46:13'),
(49, 'TECNO SPARK GO 1 4/64 GB WHITE', 10, 48, '2025-06-26 00:46:51', '2025-06-26 00:46:51'),
(50, 'TECNO SPARK GO 1 4/64 GB GOLD', 10, 49, '2025-06-26 00:47:13', '2025-06-26 00:47:13'),
(51, 'TECNO SPARK GO 1 4/64 GB BLACK', 10, 50, '2025-06-26 00:47:37', '2025-06-26 00:47:37'),
(52, 'VIVO V50 12/256 GB BLACK', 2, 51, '2025-06-26 00:48:05', '2025-06-26 00:48:05'),
(53, 'VIVO Y29 8/128 GB BROWN', 2, 52, '2025-06-26 00:48:24', '2025-06-26 00:48:24'),
(54, 'VIVO Y29 8/128 GB WHITE', 2, 53, '2025-06-26 00:48:39', '2025-06-26 00:48:39'),
(55, 'VIVO Y19S 4/128 GB SILVER', 2, 54, '2025-06-26 00:49:02', '2025-06-26 00:49:02'),
(56, 'VIVO Y19S 4/128 GB BLACK', 2, 55, '2025-06-26 00:49:23', '2025-06-26 00:49:23'),
(57, 'VIVO V50 LITE 8/128 GB PURPLE', 2, 56, '2025-06-26 00:49:49', '2025-06-26 00:49:49'),
(58, 'VIVO V50 LITE 5G 8/256 GB BLACK', 2, 57, '2025-06-26 00:50:04', '2025-06-26 00:50:04'),
(59, 'VIVO Y29 6/128 GB BROWN', 2, 58, '2025-06-26 00:50:37', '2025-06-26 00:50:37'),
(60, 'VIVO Y29 6/128 GB WHITE', 2, 59, '2025-06-26 00:51:20', '2025-06-26 00:51:20'),
(61, 'VIVO Y29 8/256 GB WHITE', 2, 60, '2025-06-26 00:52:02', '2025-06-26 00:52:02'),
(62, 'VIVO Y03T 4/64GB BLACK', 2, 61, '2025-06-26 00:52:32', '2025-06-26 00:52:32'),
(63, 'VIVO Y03T 4/64GB GREEN', 2, 62, '2025-06-26 00:52:40', '2025-06-26 00:52:40'),
(64, 'XIAOMI REDMI A5 4/128GB GOLD', 3, 63, '2025-06-26 00:53:04', '2025-06-26 00:53:04'),
(65, 'XIAOMI NOTE 14 8/128GB GREEN', 3, 64, '2025-06-26 00:53:29', '2025-06-26 00:53:29'),
(66, 'XIAOMI NOTE 14 5G 12/512GB PURPLE', 3, 65, '2025-06-26 00:54:01', '2025-06-26 00:54:01'),
(67, 'XIAOMI 14C 6/128 GB BLACK', 3, 66, '2025-06-26 00:54:18', '2025-06-26 00:54:18'),
(68, 'XIAOMI 14C 6/128 GB BLUE', 3, 67, '2025-06-26 00:54:29', '2025-06-26 00:54:29'),
(69, 'XIAOMI REDMI 13X 8/128 GB BLACK', 3, 68, '2025-06-26 00:54:57', '2025-06-26 00:54:57'),
(70, 'XIAOMI REDMI 13X 8/128 GB BLUE', 3, 69, '2025-06-26 00:55:30', '2025-06-26 00:55:30'),
(71, 'XIAOMI REDMI 13X 8/128 GB GOLD', 3, 70, '2025-06-26 00:55:41', '2025-06-26 00:55:41'),
(72, 'XIAOMI REDMI 13X 8/256 GB BLUE', 3, 71, '2025-06-26 00:55:57', '2025-06-26 00:55:57'),
(73, 'ZTE BLADE A35 4/64 GB GREEN', 11, 72, '2025-06-26 00:56:24', '2025-06-26 00:56:24'),
(74, 'INFINIX GT 30 PRO 8/256 GB Shadow Ash', 4, 6, '2025-06-26 01:04:09', '2025-06-26 01:04:09'),
(75, 'XIAOMI Redmi 123', 3, 3, '2025-06-28 23:51:44', '2025-06-28 23:51:44');

-- --------------------------------------------------------

--
-- Table structure for table `purchases`
--

CREATE TABLE `purchases` (
  `id` bigint(20) UNSIGNED NOT NULL,
  `user_id` bigint(20) UNSIGNED NOT NULL,
  `branch_id` bigint(20) UNSIGNED NOT NULL,
  `supplier_id` bigint(20) UNSIGNED NOT NULL,
  `created_at` timestamp NULL DEFAULT NULL,
  `updated_at` timestamp NULL DEFAULT NULL,
  `purchase_date` date DEFAULT NULL
) ENGINE=InnoDB DEFAULT CHARSET=utf8mb4 COLLATE=utf8mb4_unicode_ci;

--
-- Dumping data for table `purchases`
--

INSERT INTO `purchases` (`id`, `user_id`, `branch_id`, `supplier_id`, `created_at`, `updated_at`, `purchase_date`) VALUES
(2, 3, 1, 1, '2025-06-14 21:39:32', '2025-06-14 21:39:32', '2025-06-15'),
(3, 3, 1, 2, '2025-06-14 21:40:15', '2025-06-14 21:40:15', '2025-06-15'),
(4, 3, 1, 2, '2025-06-16 01:00:16', '2025-06-16 01:00:16', '2025-06-16'),
(5, 4, 3, 1, '2025-06-17 08:58:45', '2025-06-17 08:58:45', '2025-06-17'),
(6, 3, 1, 2, '2025-06-18 03:48:40', '2025-06-18 03:48:40', '2025-06-18'),
(7, 3, 1, 1, '2025-06-20 00:22:53', '2025-06-20 00:22:53', '2025-06-20'),
(8, 3, 1, 5, '2025-06-24 00:56:05', '2025-06-24 00:56:05', '2025-06-24'),
(9, 3, 1, 2, '2025-06-24 03:15:09', '2025-06-24 03:15:09', '2025-06-24'),
(10, 3, 1, 2, '2025-06-25 02:21:46', '2025-06-25 02:21:46', '2025-06-25'),
(11, 2, 2, 3, '2025-06-26 01:00:58', '2025-06-26 01:00:58', '2025-06-26'),
(12, 2, 2, 3, '2025-06-26 01:07:52', '2025-06-26 01:07:52', '2025-06-26'),
(13, 2, 2, 3, '2025-06-26 01:09:22', '2025-06-26 01:09:22', '2025-06-26'),
(14, 2, 2, 3, '2025-06-26 01:29:57', '2025-06-26 01:29:57', '2025-06-26'),
(15, 2, 2, 3, '2025-06-26 01:57:58', '2025-06-26 01:57:58', '2025-06-26'),
(16, 2, 2, 3, '2025-06-26 02:06:12', '2025-06-26 02:06:12', '2025-06-26'),
(17, 4, 3, 2, '2025-06-28 10:35:40', '2025-06-28 10:35:40', '2025-06-28'),
(18, 3, 1, 2, '2025-06-29 00:16:32', '2025-06-29 00:16:32', '2025-06-29'),
(19, 3, 1, 2, '2025-06-29 00:27:57', '2025-06-29 00:27:57', '2025-06-29'),
(20, 3, 1, 3, '2025-06-30 10:51:41', '2025-06-30 10:51:41', '2025-06-30');

-- --------------------------------------------------------

--
-- Table structure for table `purchase_items`
--

CREATE TABLE `purchase_items` (
  `id` bigint(20) UNSIGNED NOT NULL,
  `purchase_id` bigint(20) UNSIGNED NOT NULL,
  `product_id` bigint(20) UNSIGNED NOT NULL,
  `qty` int(11) NOT NULL,
  `price` decimal(12,2) NOT NULL,
  `created_at` timestamp NULL DEFAULT NULL,
  `updated_at` timestamp NULL DEFAULT NULL
) ENGINE=InnoDB DEFAULT CHARSET=utf8mb4 COLLATE=utf8mb4_unicode_ci;

--
-- Dumping data for table `purchase_items`
--

INSERT INTO `purchase_items` (`id`, `purchase_id`, `product_id`, `qty`, `price`, `created_at`, `updated_at`) VALUES
(10, 8, 5, 1, 12.00, '2025-06-24 00:56:05', '2025-06-24 00:56:05'),
(12, 10, 4, 1, 1000000.00, '2025-06-25 02:21:47', '2025-06-25 02:21:47'),
(13, 10, 5, 1, 1000000.00, '2025-06-25 02:21:47', '2025-06-25 02:21:47'),
(14, 11, 4, 2, 2647000.00, '2025-06-26 01:00:58', '2025-06-26 01:00:58'),
(15, 11, 5, 1, 2647000.00, '2025-06-26 01:00:58', '2025-06-26 01:00:58'),
(16, 11, 7, 3, 1052000.00, '2025-06-26 01:00:58', '2025-06-26 01:00:58'),
(17, 11, 8, 5, 1052000.00, '2025-06-26 01:00:58', '2025-06-26 01:00:58'),
(18, 11, 9, 2, 1052000.00, '2025-06-26 01:00:58', '2025-06-26 01:00:58'),
(19, 12, 74, 1, 3758000.00, '2025-06-26 01:07:52', '2025-06-26 01:07:52'),
(20, 13, 10, 1, 1146000.00, '2025-06-26 01:09:22', '2025-06-26 01:09:22'),
(21, 13, 11, 1, 1146000.00, '2025-06-26 01:09:22', '2025-06-26 01:09:22'),
(22, 13, 12, 1, 1146000.00, '2025-06-26 01:09:22', '2025-06-26 01:09:22'),
(23, 13, 13, 1, 8200000.00, '2025-06-26 01:09:22', '2025-06-26 01:09:22'),
(24, 13, 14, 2, 8000000.00, '2025-06-26 01:09:22', '2025-06-26 01:09:22'),
(25, 14, 15, 1, 1342000.00, '2025-06-26 01:29:57', '2025-06-26 01:29:57'),
(26, 14, 16, 3, 991000.00, '2025-06-26 01:29:57', '2025-06-26 01:29:57'),
(27, 14, 17, 1, 1258000.00, '2025-06-26 01:29:57', '2025-06-26 01:29:57'),
(28, 14, 18, 2, 1393000.00, '2025-06-26 01:29:57', '2025-06-26 01:29:57'),
(29, 14, 19, 1, 1428000.00, '2025-06-26 01:29:57', '2025-06-26 01:29:57'),
(30, 14, 20, 1, 2465000.00, '2025-06-26 01:29:57', '2025-06-26 01:29:57'),
(31, 14, 21, 1, 2465000.00, '2025-06-26 01:29:57', '2025-06-26 01:29:57'),
(32, 14, 22, 2, 1005000.00, '2025-06-26 01:29:57', '2025-06-26 01:29:57'),
(33, 14, 23, 2, 1395000.00, '2025-06-26 01:29:57', '2025-06-26 01:29:57'),
(34, 14, 24, 1, 1121000.00, '2025-06-26 01:29:57', '2025-06-26 01:29:57'),
(35, 14, 25, 6, 1121000.00, '2025-06-26 01:29:57', '2025-06-26 01:29:57'),
(36, 14, 26, 1, 1859000.00, '2025-06-26 01:29:57', '2025-06-26 01:29:57'),
(37, 14, 27, 1, 1487000.00, '2025-06-26 01:29:57', '2025-06-26 01:29:57'),
(38, 14, 28, 1, 1673000.00, '2025-06-26 01:29:57', '2025-06-26 01:29:57'),
(39, 14, 29, 2, 2530000.00, '2025-06-26 01:29:57', '2025-06-26 01:29:57'),
(40, 14, 30, 1, 2530000.00, '2025-06-26 01:29:57', '2025-06-26 01:29:57'),
(41, 14, 31, 2, 3185000.00, '2025-06-26 01:29:57', '2025-06-26 01:29:57'),
(42, 14, 32, 1, 3185000.00, '2025-06-26 01:29:57', '2025-06-26 01:29:57'),
(43, 14, 33, 1, 3185000.00, '2025-06-26 01:29:57', '2025-06-26 01:29:57'),
(44, 14, 34, 1, 2160000.00, '2025-06-26 01:29:57', '2025-06-26 01:29:57'),
(45, 14, 35, 1, 2070000.00, '2025-06-26 01:29:57', '2025-06-26 01:29:57'),
(46, 14, 36, 2, 5785000.00, '2025-06-26 01:29:57', '2025-06-26 01:29:57'),
(47, 14, 37, 1, 5785000.00, '2025-06-26 01:29:57', '2025-06-26 01:29:57'),
(48, 14, 38, 2, 1510000.00, '2025-06-26 01:29:57', '2025-06-26 01:29:57'),
(49, 14, 39, 1, 4855000.00, '2025-06-26 01:29:57', '2025-06-26 01:29:57'),
(50, 14, 40, 1, 4855000.00, '2025-06-26 01:29:57', '2025-06-26 01:29:57'),
(51, 14, 41, 1, 4855000.00, '2025-06-26 01:29:57', '2025-06-26 01:29:57'),
(52, 14, 42, 1, 4855000.00, '2025-06-26 01:29:57', '2025-06-26 01:29:57'),
(53, 14, 43, 5, 1230000.00, '2025-06-26 01:29:57', '2025-06-26 01:29:57'),
(54, 15, 44, 2, 962000.00, '2025-06-26 01:57:58', '2025-06-26 01:57:58'),
(55, 15, 45, 1, 962000.00, '2025-06-26 01:57:58', '2025-06-26 01:57:58'),
(56, 15, 46, 1, 3694000.00, '2025-06-26 01:57:58', '2025-06-26 01:57:58'),
(57, 15, 48, 5, 1121000.00, '2025-06-26 01:57:58', '2025-06-26 01:57:58'),
(58, 15, 47, 4, 1121000.00, '2025-06-26 01:57:58', '2025-06-26 01:57:58'),
(59, 15, 49, 5, 1028000.00, '2025-06-26 01:57:58', '2025-06-26 01:57:58'),
(60, 15, 50, 4, 1028000.00, '2025-06-26 01:57:58', '2025-06-26 01:57:58'),
(61, 15, 52, 1, 6299100.00, '2025-06-26 01:57:59', '2025-06-26 01:57:59'),
(62, 15, 53, 1, 2340000.00, '2025-06-26 01:57:59', '2025-06-26 01:57:59'),
(63, 15, 54, 1, 2340000.00, '2025-06-26 01:57:59', '2025-06-26 01:57:59'),
(64, 15, 55, 1, 1580000.00, '2025-06-26 01:57:59', '2025-06-26 01:57:59'),
(65, 15, 56, 1, 1580000.00, '2025-06-26 01:57:59', '2025-06-26 01:57:59'),
(66, 15, 57, 1, 3239100.00, '2025-06-26 01:57:59', '2025-06-26 01:57:59'),
(67, 15, 58, 1, 4139100.00, '2025-06-26 01:57:59', '2025-06-26 01:57:59'),
(68, 15, 59, 2, 2160000.00, '2025-06-26 01:57:59', '2025-06-26 01:57:59'),
(69, 15, 60, 1, 2160000.00, '2025-06-26 01:57:59', '2025-06-26 01:57:59'),
(70, 15, 61, 1, 2610000.00, '2025-06-26 01:57:59', '2025-06-26 01:57:59'),
(71, 15, 62, 1, 1315000.00, '2025-06-26 01:57:59', '2025-06-26 01:57:59'),
(72, 15, 63, 2, 1315000.00, '2025-06-26 01:57:59', '2025-06-26 01:57:59'),
(73, 15, 64, 1, 1141000.00, '2025-06-26 01:57:59', '2025-06-26 01:57:59'),
(74, 15, 65, 1, 2262000.00, '2025-06-26 01:57:59', '2025-06-26 01:57:59'),
(75, 15, 66, 1, 3477000.00, '2025-06-26 01:57:59', '2025-06-26 01:57:59'),
(76, 15, 67, 1, 1327000.00, '2025-06-26 01:57:59', '2025-06-26 01:57:59'),
(77, 15, 68, 1, 1327000.00, '2025-06-26 01:57:59', '2025-06-26 01:57:59'),
(78, 15, 69, 1, 1608000.00, '2025-06-26 01:57:59', '2025-06-26 01:57:59'),
(79, 15, 70, 1, 1608000.00, '2025-06-26 01:57:59', '2025-06-26 01:57:59'),
(80, 15, 71, 1, 1608000.00, '2025-06-26 01:57:59', '2025-06-26 01:57:59'),
(81, 15, 72, 3, 1701000.00, '2025-06-26 01:57:59', '2025-06-26 01:57:59'),
(82, 15, 73, 5, 961000.00, '2025-06-26 01:57:59', '2025-06-26 01:57:59'),
(83, 16, 50, 1, 1028000.00, '2025-06-26 02:06:12', '2025-06-26 02:06:12'),
(84, 16, 51, 2, 1028000.00, '2025-06-26 02:06:12', '2025-06-26 02:06:12'),
(85, 17, 15, 1, 1.00, '2025-06-28 10:35:40', '2025-06-28 10:35:40'),
(86, 18, 23, 1, 1000000.00, '2025-06-29 00:16:32', '2025-06-29 00:16:32'),
(87, 19, 17, 1, 1.00, '2025-06-29 00:27:57', '2025-06-29 00:27:57'),
(88, 20, 15, 1, 1.00, '2025-06-30 10:51:41', '2025-06-30 10:51:41');

-- --------------------------------------------------------

--
-- Table structure for table `sales`
--

CREATE TABLE `sales` (
  `id` bigint(20) UNSIGNED NOT NULL,
  `user_id` bigint(20) UNSIGNED NOT NULL,
  `branch_id` bigint(20) UNSIGNED NOT NULL,
  `total` decimal(12,2) NOT NULL,
  `created_at` timestamp NULL DEFAULT NULL,
  `updated_at` timestamp NULL DEFAULT NULL
) ENGINE=InnoDB DEFAULT CHARSET=utf8mb4 COLLATE=utf8mb4_unicode_ci;

--
-- Dumping data for table `sales`
--

INSERT INTO `sales` (`id`, `user_id`, `branch_id`, `total`, `created_at`, `updated_at`) VALUES
(11, 2, 2, 6000000.00, '2025-06-29 01:02:16', '2025-06-29 01:02:16');

-- --------------------------------------------------------

--
-- Table structure for table `sale_items`
--

CREATE TABLE `sale_items` (
  `id` bigint(20) UNSIGNED NOT NULL,
  `sale_id` bigint(20) UNSIGNED NOT NULL,
  `product_id` bigint(20) UNSIGNED NOT NULL,
  `imei` varchar(255) DEFAULT NULL,
  `price` decimal(15,2) NOT NULL,
  `created_at` timestamp NULL DEFAULT NULL,
  `updated_at` timestamp NULL DEFAULT NULL
) ENGINE=InnoDB DEFAULT CHARSET=utf8mb4 COLLATE=utf8mb4_unicode_ci;

--
-- Dumping data for table `sale_items`
--

INSERT INTO `sale_items` (`id`, `sale_id`, `product_id`, `imei`, `price`, `created_at`, `updated_at`) VALUES
(11, 11, 4, '352671441070101', 6000000.00, '2025-06-29 01:02:16', '2025-06-29 01:02:16');

-- --------------------------------------------------------

--
-- Table structure for table `stock_requests`
--

CREATE TABLE `stock_requests` (
  `id` bigint(20) UNSIGNED NOT NULL,
  `from_branch_id` bigint(20) UNSIGNED NOT NULL,
  `to_branch_id` bigint(20) UNSIGNED NOT NULL,
  `product_id` bigint(20) UNSIGNED NOT NULL,
  `qty` int(11) NOT NULL,
  `status` enum('pending','accepted','rejected') NOT NULL DEFAULT 'pending',
  `reason` text DEFAULT NULL,
  `created_at` timestamp NULL DEFAULT NULL,
  `updated_at` timestamp NULL DEFAULT NULL
) ENGINE=InnoDB DEFAULT CHARSET=utf8mb4 COLLATE=utf8mb4_unicode_ci;

--
-- Dumping data for table `stock_requests`
--

INSERT INTO `stock_requests` (`id`, `from_branch_id`, `to_branch_id`, `product_id`, `qty`, `status`, `reason`, `created_at`, `updated_at`) VALUES
(8, 2, 1, 4, 1, 'pending', NULL, '2025-06-28 20:59:03', '2025-06-28 20:59:03'),
(9, 2, 1, 13, 1, 'pending', NULL, '2025-06-29 01:13:18', '2025-06-29 01:13:18'),
(10, 2, 3, 50, 2, 'rejected', 'sudh sold', '2025-06-29 01:17:00', '2025-06-29 01:33:04'),
(11, 2, 21, 11, 5, 'pending', NULL, '2025-06-29 01:17:14', '2025-06-29 01:17:14'),
(12, 2, 1, 65, 1, 'pending', NULL, '2025-06-29 01:21:27', '2025-06-29 01:21:27'),
(13, 2, 3, 5, 1, 'accepted', NULL, '2025-06-29 01:22:45', '2025-06-29 01:26:25');

-- --------------------------------------------------------

--
-- Table structure for table `stock_transfers`
--

CREATE TABLE `stock_transfers` (
  `id` bigint(20) UNSIGNED NOT NULL,
  `from_branch_id` bigint(20) UNSIGNED NOT NULL,
  `to_branch_id` bigint(20) UNSIGNED NOT NULL,
  `user_id` bigint(20) UNSIGNED NOT NULL,
  `created_at` timestamp NULL DEFAULT NULL,
  `updated_at` timestamp NULL DEFAULT NULL
) ENGINE=InnoDB DEFAULT CHARSET=utf8mb4 COLLATE=utf8mb4_unicode_ci;

--
-- Dumping data for table `stock_transfers`
--

INSERT INTO `stock_transfers` (`id`, `from_branch_id`, `to_branch_id`, `user_id`, `created_at`, `updated_at`) VALUES
(2, 1, 2, 3, '2025-06-15 04:59:15', '2025-06-15 04:59:15'),
(3, 1, 2, 3, '2025-06-15 05:09:31', '2025-06-15 05:09:31'),
(4, 1, 3, 3, '2025-06-16 01:00:45', '2025-06-16 01:00:45'),
(5, 1, 2, 3, '2025-06-18 03:49:00', '2025-06-18 03:49:00'),
(6, 1, 2, 3, '2025-06-20 00:23:58', '2025-06-20 00:23:58'),
(7, 1, 3, 3, '2025-06-24 04:10:15', '2025-06-24 04:10:15'),
(8, 3, 2, 4, '2025-06-24 09:35:03', '2025-06-24 09:35:03'),
(9, 1, 2, 3, '2025-06-25 02:22:40', '2025-06-25 02:22:40'),
(10, 1, 2, 3, '2025-06-25 02:23:42', '2025-06-25 02:23:42'),
(11, 1, 3, 3, '2025-06-25 02:28:09', '2025-06-25 02:28:09'),
(12, 1, 2, 3, '2025-06-29 00:42:41', '2025-06-29 00:42:41'),
(13, 2, 1, 2, '2025-06-29 00:58:32', '2025-06-29 00:58:32');

-- --------------------------------------------------------

--
-- Table structure for table `stock_transfer_items`
--

CREATE TABLE `stock_transfer_items` (
  `id` bigint(20) UNSIGNED NOT NULL,
  `stock_transfer_id` bigint(20) UNSIGNED NOT NULL,
  `inventory_item_id` bigint(20) UNSIGNED NOT NULL,
  `created_at` timestamp NULL DEFAULT NULL,
  `updated_at` timestamp NULL DEFAULT NULL
) ENGINE=InnoDB DEFAULT CHARSET=utf8mb4 COLLATE=utf8mb4_unicode_ci;

--
-- Dumping data for table `stock_transfer_items`
--

INSERT INTO `stock_transfer_items` (`id`, `stock_transfer_id`, `inventory_item_id`, `created_at`, `updated_at`) VALUES
(10, 9, 16, '2025-06-25 02:22:40', '2025-06-25 02:22:40'),
(11, 10, 17, '2025-06-25 02:23:42', '2025-06-25 02:23:42'),
(12, 11, 14, '2025-06-25 02:28:09', '2025-06-25 02:28:09'),
(14, 13, 18, '2025-06-29 00:58:32', '2025-06-29 00:58:32');

-- --------------------------------------------------------

--
-- Table structure for table `suppliers`
--

CREATE TABLE `suppliers` (
  `id` bigint(20) UNSIGNED NOT NULL,
  `name` varchar(255) NOT NULL,
  `created_at` timestamp NULL DEFAULT NULL,
  `updated_at` timestamp NULL DEFAULT NULL,
  `phone` varchar(255) DEFAULT NULL,
  `address` text DEFAULT NULL
) ENGINE=InnoDB DEFAULT CHARSET=utf8mb4 COLLATE=utf8mb4_unicode_ci;

--
-- Dumping data for table `suppliers`
--

INSERT INTO `suppliers` (`id`, `name`, `created_at`, `updated_at`, `phone`, `address`) VALUES
(1, '899', '2025-06-14 21:33:27', '2025-06-17 23:47:12', '08706958', 'Situla'),
(2, 'Telemarco', '2025-06-14 21:33:32', '2025-06-14 21:33:32', '0291010291', 'Situla'),
(3, 'test11', '2025-06-17 23:43:02', '2025-06-20 00:40:11', '0888885533', 'test'),
(4, 'cesya', '2025-06-18 03:45:05', '2025-06-18 03:45:05', '0818188181', 'Asas'),
(5, 'AlbertWijaya', '2025-06-24 00:55:10', '2025-06-24 00:55:19', '01022010', 'asda'),
(6, 'OPPO CENTER', '2025-06-29 00:02:26', '2025-06-29 00:02:26', '0101010123', 'Sekip');

-- --------------------------------------------------------

--
-- Table structure for table `types`
--

CREATE TABLE `types` (
  `id` bigint(20) UNSIGNED NOT NULL,
  `name` varchar(255) NOT NULL,
  `created_at` timestamp NULL DEFAULT NULL,
  `updated_at` timestamp NULL DEFAULT NULL
) ENGINE=InnoDB DEFAULT CHARSET=utf8mb4 COLLATE=utf8mb4_unicode_ci;

--
-- Dumping data for table `types`
--

INSERT INTO `types` (`id`, `name`, `created_at`, `updated_at`) VALUES
(1, 'A3X 4/64GB RED', '2025-06-14 21:31:02', '2025-06-23 23:39:40'),
(2, 'A3X 4/64GB BLUE', '2025-06-14 21:31:14', '2025-06-14 21:31:14'),
(3, 'Redmi 123', '2025-06-18 03:43:42', '2025-06-28 02:52:41'),
(4, 'NOTE 50 8/256 GB Gray', '2025-06-21 00:13:54', '2025-06-21 00:15:24'),
(5, 'NOTE 50 8/256 GB Black', '2025-06-21 00:14:04', '2025-06-21 00:15:30'),
(6, 'GT 30 PRO 8/256 GB Shadow Ash', '2025-06-21 00:16:38', '2025-06-21 00:16:38'),
(7, 'SMART 10 4/64 GB BLACK', '2025-06-21 00:17:06', '2025-06-21 00:17:06'),
(8, 'SMART 10 4/64 GB BLUE', '2025-06-21 00:17:10', '2025-06-21 00:17:10'),
(9, 'SMART 10 4/64 GB SILVER', '2025-06-21 00:17:17', '2025-06-21 00:17:17'),
(10, 'SMART 10 4/128 GB BLUE', '2025-06-21 00:17:44', '2025-06-21 00:17:44'),
(11, 'SMART 10 4/128 GB BLACK', '2025-06-21 00:17:54', '2025-06-21 00:17:54'),
(12, 'SMART 10 4/128 GB SILVER', '2025-06-21 00:18:03', '2025-06-21 00:18:03'),
(13, '13 IBOX 128 GB STARLIGHT', '2025-06-21 00:18:35', '2025-06-21 00:18:35'),
(14, '13 IBOX 128 GB MIDNIGHT', '2025-06-21 00:18:43', '2025-06-21 00:18:43'),
(15, 'P70 8/128GB BLACK', '2025-06-21 00:19:25', '2025-06-21 00:19:25'),
(16, 'A90 4/64GB TITANIUM', '2025-06-21 00:19:51', '2025-06-21 00:19:51'),
(17, 'VISTATAB 10 MINI RAM 3/64GB GRAY', '2025-06-21 00:20:22', '2025-06-21 00:20:22'),
(18, 'VISTATAB 10 4 /128 GB BLUE', '2025-06-21 00:20:44', '2025-06-21 00:20:44'),
(19, 'VISTATAB 11 4/128 GB GRAY', '2025-06-21 00:22:21', '2025-06-21 00:22:21'),
(20, 'MOTO G45 5G 8/256 GB GREEN', '2025-06-21 00:22:34', '2025-06-21 00:22:34'),
(21, 'MOTO G45 5G 8/256 GB VIVA MAGENTA', '2025-06-21 00:22:39', '2025-06-21 00:22:39'),
(22, 'MUSIC 4/128 GB POP ART.', '2025-06-21 00:23:05', '2025-06-21 00:23:05'),
(23, 'NOTE 60X 4/64 GB BLACK', '2025-06-21 00:25:00', '2025-06-21 00:25:00'),
(24, 'NOTE 60X 4/64 GB GREEN', '2025-06-21 00:25:08', '2025-06-21 00:25:08'),
(25, 'C71 8/128 GB WHITE', '2025-06-21 00:25:30', '2025-06-21 00:25:30'),
(26, 'C71 4/128 GB WHITE', '2025-06-21 00:25:51', '2025-06-21 00:25:51'),
(27, 'C71 6/128 GB WHITE', '2025-06-21 00:26:04', '2025-06-21 00:26:04'),
(28, 'A16 4G 8/128 GB BLACK', '2025-06-21 00:26:29', '2025-06-21 00:26:29'),
(29, 'A16 4G 8/128 GB GREEN', '2025-06-21 00:26:34', '2025-06-21 00:26:34'),
(30, 'A16 5G 8/256 GB BLACK', '2025-06-21 00:26:58', '2025-06-21 00:26:58'),
(31, 'A16 5G 8/256 GB GOLD', '2025-06-21 00:27:13', '2025-06-21 00:27:13'),
(32, 'A16 5G 8/256 GB GREEN', '2025-06-21 00:27:24', '2025-06-21 00:27:24'),
(33, 'TAB A9 4/64GB GRAPHITE', '2025-06-21 00:27:43', '2025-06-21 00:27:43'),
(34, 'A06 5G 6/128 GB GREEN', '2025-06-21 00:27:53', '2025-06-21 00:27:53'),
(35, 'A56 8/256 GRAPHITE', '2025-06-21 00:28:10', '2025-06-21 00:28:10'),
(36, 'A56 8/256 LIGHTGRAY', '2025-06-21 00:28:24', '2025-06-21 00:28:24'),
(37, 'A06 4/128 BLACK', '2025-06-21 00:28:40', '2025-06-21 00:28:40'),
(38, 'A36 8/256 BLACK', '2025-06-21 00:28:54', '2025-06-21 00:28:54'),
(39, 'A36 8/256 WHITE', '2025-06-21 00:29:00', '2025-06-21 00:29:00'),
(40, 'A36 8/256 LAVENDER', '2025-06-21 00:29:07', '2025-06-21 00:29:07'),
(41, 'A36 8/256 LIME', '2025-06-21 00:29:13', '2025-06-21 00:29:13'),
(42, 'A06 4/64GB BLACK', '2025-06-21 00:29:24', '2025-06-21 00:29:24'),
(43, 'SPARK GO 1 3/64 GB WHITE', '2025-06-21 00:29:44', '2025-06-21 00:29:44'),
(44, 'SPARK GO 1 3/64 GB GOLD', '2025-06-21 00:30:25', '2025-06-21 00:30:25'),
(45, 'CAMON 40 PRO 5G 8/256 GB GREEN', '2025-06-21 00:30:47', '2025-06-21 00:30:47'),
(46, 'SPARK GO 1 4/128 GB BLACK', '2025-06-21 00:31:06', '2025-06-21 00:31:06'),
(47, 'SPARK GO 1 4/128 GB WHITE', '2025-06-21 00:31:11', '2025-06-21 00:31:11'),
(48, 'SPARK GO 1 4/64 GB WHITE', '2025-06-21 00:31:32', '2025-06-21 00:31:32'),
(49, 'SPARK GO 1 4/64 GB GOLD', '2025-06-21 00:31:37', '2025-06-21 00:31:37'),
(50, 'SPARK GO 1 4/64 GB BLACK', '2025-06-21 00:31:42', '2025-06-21 00:31:42'),
(51, 'V50 12/256 GB BLACK', '2025-06-21 00:31:53', '2025-06-21 00:31:53'),
(52, 'Y29 8/128 GB BROWN', '2025-06-21 00:32:08', '2025-06-21 00:32:08'),
(53, 'Y29 8/128 GB WHITE', '2025-06-21 00:32:13', '2025-06-21 00:32:13'),
(54, 'Y19S 4/128 GB SILVER', '2025-06-21 00:32:27', '2025-06-21 00:32:27'),
(55, 'Y19S 4/128 GB BLACK', '2025-06-21 00:32:41', '2025-06-21 00:32:41'),
(56, 'V50 LITE 8/128 GB PURPLE', '2025-06-21 00:32:55', '2025-06-21 00:32:55'),
(57, 'V50 LITE 5G 8/256 GB BLACK', '2025-06-21 00:33:08', '2025-06-21 00:33:08'),
(58, 'Y29 6/128 GB BROWN', '2025-06-21 00:33:23', '2025-06-21 00:33:23'),
(59, 'Y29 6/128 GB WHITE', '2025-06-21 00:33:27', '2025-06-21 00:33:27'),
(60, 'Y29 8/256 GB WHITE', '2025-06-21 00:33:51', '2025-06-21 00:33:51'),
(61, 'Y03T 4/64GB BLACK', '2025-06-21 00:34:03', '2025-06-21 00:34:03'),
(62, 'Y03T 4/64GB GREEN', '2025-06-21 00:34:07', '2025-06-21 00:34:07'),
(63, 'REDMI A5 4/128GB GOLD', '2025-06-21 00:34:28', '2025-06-21 00:34:28'),
(64, 'NOTE 14 8/128GB GREEN', '2025-06-21 00:34:46', '2025-06-21 00:34:46'),
(65, 'NOTE 14 5G 12/512GB PURPLE', '2025-06-21 00:34:59', '2025-06-21 00:34:59'),
(66, '14C 6/128 GB BLACK', '2025-06-21 00:35:14', '2025-06-21 00:35:14'),
(67, '14C 6/128 GB BLUE', '2025-06-21 00:35:18', '2025-06-21 00:35:18'),
(68, 'REDMI 13X 8/128 GB BLACK', '2025-06-21 00:35:37', '2025-06-21 00:35:37'),
(69, 'REDMI 13X 8/128 GB BLUE', '2025-06-21 00:35:41', '2025-06-21 00:35:41'),
(70, 'REDMI 13X 8/128 GB GOLD', '2025-06-21 00:35:45', '2025-06-21 00:35:45'),
(71, 'REDMI 13X 8/256 GB BLUE', '2025-06-21 00:35:58', '2025-06-21 00:35:58'),
(72, 'BLADE A35 4/64 GB GREEN', '2025-06-21 00:36:21', '2025-06-21 00:36:21'),
(73, 'Redmi 1', '2025-06-28 02:52:46', '2025-06-28 02:52:46'),
(74, '12', '2025-06-28 23:29:01', '2025-06-28 23:29:07');

-- --------------------------------------------------------

--
-- Table structure for table `users`
--

CREATE TABLE `users` (
  `id` bigint(20) UNSIGNED NOT NULL,
  `name` varchar(255) NOT NULL,
  `email` varchar(255) NOT NULL,
  `password` varchar(255) NOT NULL,
  `role` enum('owner','admin','kepala_toko') NOT NULL,
  `branch_id` bigint(20) UNSIGNED DEFAULT NULL,
  `created_at` timestamp NULL DEFAULT NULL,
  `updated_at` timestamp NULL DEFAULT NULL
) ENGINE=InnoDB DEFAULT CHARSET=utf8mb4 COLLATE=utf8mb4_unicode_ci;

--
-- Dumping data for table `users`
--

INSERT INTO `users` (`id`, `name`, `email`, `password`, `role`, `branch_id`, `created_at`, `updated_at`) VALUES
(1, 'owner', 'owner@owner.com', '$2y$10$8vC3NFVXukkO3J/SkrBUa.Ufv2AQFfGesUp86MwoVnlpgB4YH2owu', 'owner', NULL, NULL, NULL),
(2, 'Multicom 2', 'm2@gmail.com', '$2y$10$3XVlnt.wZHXoD12NBJ/IdeuyEMGMYIQsDyqbI9Qp/Zh6Q0bQrJIoa', 'kepala_toko', 2, '2025-06-14 21:29:49', '2025-06-14 21:29:49'),
(3, 'Multicom Store', 'admin@admin.com', '$2y$10$J6ykAEs.Jh2v2MPDMEPmOe.RYqlzGd7ZN26KpD4DhEuhIlyDtU/Lm', 'admin', 1, '2025-06-14 21:30:08', '2025-06-14 21:30:08'),
(4, 'Sinar Multicom Jaya 2', 'smj2@gmail.com', '$2y$10$iMeloYaOM4JjpjksIk479uHdlK32qo8E0w4RYQ/cDcRzjzbfs5HDu', 'kepala_toko', 3, '2025-06-16 00:59:14', '2025-06-28 20:18:52'),
(6, 'Multi Makmur Jaya 3', 'mmj3@gmail.com', '$2y$10$fY/XHWeTvYhw5/NFtMVzs.aPwnmFIJ5bFaeZ2oL88cA4L8dEr6ICa', 'kepala_toko', 19, '2025-06-28 20:19:34', '2025-06-28 20:19:34'),
(7, 'Multicom 3', 'm3@gmail.com', '$2y$10$y8aBhQJYW.dhs1U/kCcQMOYJkQTVi1io5JABqEQgyxknxcAsQrXl6', 'kepala_toko', 21, '2025-06-28 23:07:41', '2025-06-28 23:07:41');

--
-- Indexes for dumped tables
--

--
-- Indexes for table `branches`
--
ALTER TABLE `branches`
  ADD PRIMARY KEY (`id`),
  ADD UNIQUE KEY `branches_code_unique` (`code`);

--
-- Indexes for table `brands`
--
ALTER TABLE `brands`
  ADD PRIMARY KEY (`id`);

--
-- Indexes for table `inventories`
--
ALTER TABLE `inventories`
  ADD PRIMARY KEY (`id`),
  ADD UNIQUE KEY `inventories_branch_id_product_id_unique` (`branch_id`,`product_id`),
  ADD KEY `inventories_product_id_foreign` (`product_id`);

--
-- Indexes for table `inventory_items`
--
ALTER TABLE `inventory_items`
  ADD PRIMARY KEY (`id`),
  ADD UNIQUE KEY `inventory_items_imei_unique` (`imei`),
  ADD KEY `inventory_items_branch_id_foreign` (`branch_id`),
  ADD KEY `inventory_items_product_id_foreign` (`product_id`),
  ADD KEY `inventory_items_purchase_item_id_foreign` (`purchase_item_id`),
  ADD KEY `inventory_items_inventory_id_foreign` (`inventory_id`);

--
-- Indexes for table `migrations`
--
ALTER TABLE `migrations`
  ADD PRIMARY KEY (`id`);

--
-- Indexes for table `personal_access_tokens`
--
ALTER TABLE `personal_access_tokens`
  ADD PRIMARY KEY (`id`),
  ADD UNIQUE KEY `personal_access_tokens_token_unique` (`token`),
  ADD KEY `personal_access_tokens_tokenable_type_tokenable_id_index` (`tokenable_type`,`tokenable_id`);

--
-- Indexes for table `products`
--
ALTER TABLE `products`
  ADD PRIMARY KEY (`id`),
  ADD KEY `products_brand_id_foreign` (`brand_id`),
  ADD KEY `products_type_id_foreign` (`type_id`);

--
-- Indexes for table `purchases`
--
ALTER TABLE `purchases`
  ADD PRIMARY KEY (`id`),
  ADD KEY `purchases_user_id_foreign` (`user_id`),
  ADD KEY `purchases_branch_id_foreign` (`branch_id`),
  ADD KEY `purchases_supplier_id_foreign` (`supplier_id`);

--
-- Indexes for table `purchase_items`
--
ALTER TABLE `purchase_items`
  ADD PRIMARY KEY (`id`),
  ADD KEY `purchase_items_purchase_id_foreign` (`purchase_id`),
  ADD KEY `purchase_items_product_id_foreign` (`product_id`);

--
-- Indexes for table `sales`
--
ALTER TABLE `sales`
  ADD PRIMARY KEY (`id`),
  ADD KEY `sales_user_id_foreign` (`user_id`),
  ADD KEY `sales_branch_id_foreign` (`branch_id`);

--
-- Indexes for table `sale_items`
--
ALTER TABLE `sale_items`
  ADD PRIMARY KEY (`id`),
  ADD KEY `sale_items_sale_id_foreign` (`sale_id`),
  ADD KEY `sale_items_product_id_foreign` (`product_id`);

--
-- Indexes for table `stock_requests`
--
ALTER TABLE `stock_requests`
  ADD PRIMARY KEY (`id`),
  ADD KEY `stock_requests_from_branch_id_foreign` (`from_branch_id`),
  ADD KEY `stock_requests_to_branch_id_foreign` (`to_branch_id`),
  ADD KEY `stock_requests_product_id_foreign` (`product_id`);

--
-- Indexes for table `stock_transfers`
--
ALTER TABLE `stock_transfers`
  ADD PRIMARY KEY (`id`),
  ADD KEY `stock_transfers_from_branch_id_foreign` (`from_branch_id`),
  ADD KEY `stock_transfers_to_branch_id_foreign` (`to_branch_id`),
  ADD KEY `stock_transfers_user_id_foreign` (`user_id`);

--
-- Indexes for table `stock_transfer_items`
--
ALTER TABLE `stock_transfer_items`
  ADD PRIMARY KEY (`id`),
  ADD KEY `stock_transfer_items_stock_transfer_id_foreign` (`stock_transfer_id`),
  ADD KEY `stock_transfer_items_inventory_item_id_foreign` (`inventory_item_id`);

--
-- Indexes for table `suppliers`
--
ALTER TABLE `suppliers`
  ADD PRIMARY KEY (`id`);

--
-- Indexes for table `types`
--
ALTER TABLE `types`
  ADD PRIMARY KEY (`id`);

--
-- Indexes for table `users`
--
ALTER TABLE `users`
  ADD PRIMARY KEY (`id`),
  ADD UNIQUE KEY `users_email_unique` (`email`),
  ADD KEY `users_branch_id_foreign` (`branch_id`);

--
-- AUTO_INCREMENT for dumped tables
--

--
-- AUTO_INCREMENT for table `branches`
--
ALTER TABLE `branches`
  MODIFY `id` bigint(20) UNSIGNED NOT NULL AUTO_INCREMENT, AUTO_INCREMENT=22;

--
-- AUTO_INCREMENT for table `brands`
--
ALTER TABLE `brands`
  MODIFY `id` bigint(20) UNSIGNED NOT NULL AUTO_INCREMENT, AUTO_INCREMENT=15;

--
-- AUTO_INCREMENT for table `inventories`
--
ALTER TABLE `inventories`
  MODIFY `id` bigint(20) UNSIGNED NOT NULL AUTO_INCREMENT, AUTO_INCREMENT=88;

--
-- AUTO_INCREMENT for table `inventory_items`
--
ALTER TABLE `inventory_items`
  MODIFY `id` bigint(20) UNSIGNED NOT NULL AUTO_INCREMENT, AUTO_INCREMENT=144;

--
-- AUTO_INCREMENT for table `migrations`
--
ALTER TABLE `migrations`
  MODIFY `id` int(10) UNSIGNED NOT NULL AUTO_INCREMENT, AUTO_INCREMENT=26;

--
-- AUTO_INCREMENT for table `personal_access_tokens`
--
ALTER TABLE `personal_access_tokens`
  MODIFY `id` bigint(20) UNSIGNED NOT NULL AUTO_INCREMENT, AUTO_INCREMENT=86;

--
-- AUTO_INCREMENT for table `products`
--
ALTER TABLE `products`
  MODIFY `id` bigint(20) UNSIGNED NOT NULL AUTO_INCREMENT, AUTO_INCREMENT=76;

--
-- AUTO_INCREMENT for table `purchases`
--
ALTER TABLE `purchases`
  MODIFY `id` bigint(20) UNSIGNED NOT NULL AUTO_INCREMENT, AUTO_INCREMENT=21;

--
-- AUTO_INCREMENT for table `purchase_items`
--
ALTER TABLE `purchase_items`
  MODIFY `id` bigint(20) UNSIGNED NOT NULL AUTO_INCREMENT, AUTO_INCREMENT=89;

--
-- AUTO_INCREMENT for table `sales`
--
ALTER TABLE `sales`
  MODIFY `id` bigint(20) UNSIGNED NOT NULL AUTO_INCREMENT, AUTO_INCREMENT=12;

--
-- AUTO_INCREMENT for table `sale_items`
--
ALTER TABLE `sale_items`
  MODIFY `id` bigint(20) UNSIGNED NOT NULL AUTO_INCREMENT, AUTO_INCREMENT=12;

--
-- AUTO_INCREMENT for table `stock_requests`
--
ALTER TABLE `stock_requests`
  MODIFY `id` bigint(20) UNSIGNED NOT NULL AUTO_INCREMENT, AUTO_INCREMENT=14;

--
-- AUTO_INCREMENT for table `stock_transfers`
--
ALTER TABLE `stock_transfers`
  MODIFY `id` bigint(20) UNSIGNED NOT NULL AUTO_INCREMENT, AUTO_INCREMENT=14;

--
-- AUTO_INCREMENT for table `stock_transfer_items`
--
ALTER TABLE `stock_transfer_items`
  MODIFY `id` bigint(20) UNSIGNED NOT NULL AUTO_INCREMENT, AUTO_INCREMENT=15;

--
-- AUTO_INCREMENT for table `suppliers`
--
ALTER TABLE `suppliers`
  MODIFY `id` bigint(20) UNSIGNED NOT NULL AUTO_INCREMENT, AUTO_INCREMENT=7;

--
-- AUTO_INCREMENT for table `types`
--
ALTER TABLE `types`
  MODIFY `id` bigint(20) UNSIGNED NOT NULL AUTO_INCREMENT, AUTO_INCREMENT=75;

--
-- AUTO_INCREMENT for table `users`
--
ALTER TABLE `users`
  MODIFY `id` bigint(20) UNSIGNED NOT NULL AUTO_INCREMENT, AUTO_INCREMENT=8;

--
-- Constraints for dumped tables
--

--
-- Constraints for table `inventories`
--
ALTER TABLE `inventories`
  ADD CONSTRAINT `inventories_branch_id_foreign` FOREIGN KEY (`branch_id`) REFERENCES `branches` (`id`) ON DELETE CASCADE,
  ADD CONSTRAINT `inventories_product_id_foreign` FOREIGN KEY (`product_id`) REFERENCES `products` (`id`) ON DELETE CASCADE;

--
-- Constraints for table `inventory_items`
--
ALTER TABLE `inventory_items`
  ADD CONSTRAINT `inventory_items_branch_id_foreign` FOREIGN KEY (`branch_id`) REFERENCES `branches` (`id`) ON DELETE CASCADE,
  ADD CONSTRAINT `inventory_items_inventory_id_foreign` FOREIGN KEY (`inventory_id`) REFERENCES `inventories` (`id`) ON DELETE SET NULL,
  ADD CONSTRAINT `inventory_items_product_id_foreign` FOREIGN KEY (`product_id`) REFERENCES `products` (`id`) ON DELETE CASCADE,
  ADD CONSTRAINT `inventory_items_purchase_item_id_foreign` FOREIGN KEY (`purchase_item_id`) REFERENCES `purchase_items` (`id`) ON DELETE CASCADE;

--
-- Constraints for table `products`
--
ALTER TABLE `products`
  ADD CONSTRAINT `products_brand_id_foreign` FOREIGN KEY (`brand_id`) REFERENCES `brands` (`id`) ON DELETE CASCADE,
  ADD CONSTRAINT `products_type_id_foreign` FOREIGN KEY (`type_id`) REFERENCES `types` (`id`) ON DELETE SET NULL;

--
-- Constraints for table `purchases`
--
ALTER TABLE `purchases`
  ADD CONSTRAINT `purchases_branch_id_foreign` FOREIGN KEY (`branch_id`) REFERENCES `branches` (`id`) ON DELETE CASCADE,
  ADD CONSTRAINT `purchases_supplier_id_foreign` FOREIGN KEY (`supplier_id`) REFERENCES `suppliers` (`id`) ON DELETE CASCADE,
  ADD CONSTRAINT `purchases_user_id_foreign` FOREIGN KEY (`user_id`) REFERENCES `users` (`id`) ON DELETE CASCADE;

--
-- Constraints for table `purchase_items`
--
ALTER TABLE `purchase_items`
  ADD CONSTRAINT `purchase_items_product_id_foreign` FOREIGN KEY (`product_id`) REFERENCES `products` (`id`) ON DELETE CASCADE,
  ADD CONSTRAINT `purchase_items_purchase_id_foreign` FOREIGN KEY (`purchase_id`) REFERENCES `purchases` (`id`) ON DELETE CASCADE;

--
-- Constraints for table `sales`
--
ALTER TABLE `sales`
  ADD CONSTRAINT `sales_branch_id_foreign` FOREIGN KEY (`branch_id`) REFERENCES `branches` (`id`) ON DELETE CASCADE,
  ADD CONSTRAINT `sales_user_id_foreign` FOREIGN KEY (`user_id`) REFERENCES `users` (`id`) ON DELETE CASCADE;

--
-- Constraints for table `sale_items`
--
ALTER TABLE `sale_items`
  ADD CONSTRAINT `sale_items_product_id_foreign` FOREIGN KEY (`product_id`) REFERENCES `products` (`id`) ON DELETE CASCADE,
  ADD CONSTRAINT `sale_items_sale_id_foreign` FOREIGN KEY (`sale_id`) REFERENCES `sales` (`id`) ON DELETE CASCADE;

--
-- Constraints for table `stock_requests`
--
ALTER TABLE `stock_requests`
  ADD CONSTRAINT `stock_requests_from_branch_id_foreign` FOREIGN KEY (`from_branch_id`) REFERENCES `branches` (`id`),
  ADD CONSTRAINT `stock_requests_product_id_foreign` FOREIGN KEY (`product_id`) REFERENCES `products` (`id`),
  ADD CONSTRAINT `stock_requests_to_branch_id_foreign` FOREIGN KEY (`to_branch_id`) REFERENCES `branches` (`id`);

--
-- Constraints for table `stock_transfers`
--
ALTER TABLE `stock_transfers`
  ADD CONSTRAINT `stock_transfers_from_branch_id_foreign` FOREIGN KEY (`from_branch_id`) REFERENCES `branches` (`id`) ON DELETE CASCADE,
  ADD CONSTRAINT `stock_transfers_to_branch_id_foreign` FOREIGN KEY (`to_branch_id`) REFERENCES `branches` (`id`) ON DELETE CASCADE,
  ADD CONSTRAINT `stock_transfers_user_id_foreign` FOREIGN KEY (`user_id`) REFERENCES `users` (`id`) ON DELETE CASCADE;

--
-- Constraints for table `stock_transfer_items`
--
ALTER TABLE `stock_transfer_items`
  ADD CONSTRAINT `stock_transfer_items_inventory_item_id_foreign` FOREIGN KEY (`inventory_item_id`) REFERENCES `inventory_items` (`id`) ON DELETE CASCADE,
  ADD CONSTRAINT `stock_transfer_items_stock_transfer_id_foreign` FOREIGN KEY (`stock_transfer_id`) REFERENCES `stock_transfers` (`id`) ON DELETE CASCADE;

--
-- Constraints for table `users`
--
ALTER TABLE `users`
  ADD CONSTRAINT `users_branch_id_foreign` FOREIGN KEY (`branch_id`) REFERENCES `branches` (`id`) ON DELETE SET NULL;
COMMIT;

/*!40101 SET CHARACTER_SET_CLIENT=@OLD_CHARACTER_SET_CLIENT */;
/*!40101 SET CHARACTER_SET_RESULTS=@OLD_CHARACTER_SET_RESULTS */;
/*!40101 SET COLLATION_CONNECTION=@OLD_COLLATION_CONNECTION */;
